Workbook

Sheet Données
J6: b=tint
D9: Données climatiques
D10: Description | E10: Symbole | F10: Unité | G10: Valeur
D11: Température extérieure de base | E11: T ext | F11: [°C] | G11: =-8 -> -8
D12: Moyenne annuelle de la température extérieure | E12: T m,ext | F12: [°C] | G12: 10
D13: Coefficients d'exposition e et e
D14: Orientation | G14: Valeur
G15: p.u. | J15: =('Données'!E25-
D16: Toutes | G16: 1.00
D17: Données sur les pièces chauffées
D18: Nom de la pièce | E18: Température hiver | F18: Température été | G18: Aire de la pièce | H18: Volume intérieur
K19: Amélioration / précision ?
E20: T int | F20: T int | G20: A1 | H20: V | K20: Ajout hauteur des pieces
E21: [°C] | F21: [°C] | G21: [m ²] | H21: [m³] | K21: precision piece chauffé en hiver / été
D22: 2.kitchenette et cafèt | E22: 20 | F22: 24 | G22: 33.5018 | H22: =G22*3.6 -> 120.60648 | K22: nb de personne ( occupant )
D23: 4. Bureau 4 | E23: 22 | F23: 26 | G23: 31.1704 | H23: =G23*3.6 -> 112.21344 | K23: puissance des eclairages pour chaque piece
D24: 5. Bureau 5 | E24: 22 | F24: 26 | G24: 20.16 | H24: =G24*3.6 -> 72.576 | K24: Données des matériaux
D25: 17. Salle d'attente 17 | E25: 20 | F25: 26 | G25: 50.024601 | H25: =G25*3.6 -> 180.08856
D26: 6. Bureau 6 | E26: 22 | F26: 26 | G26: 20.16 | H26: =G26*3.6 -> 72.576 | J26: Données relatives aux matériaux
D27: 7.Bureau 7 | E27: 22 | F27: 26 | G27: 21.52 | H27: =G27*3.6 -> 77.472 | J27: Coefficient de transmission
D28: 8. Salle de réunion 8 | E28: 20 | F28: 24 | G28: 36.0996 | H28: =G28*3.6 -> 129.95856 | J28: béton | K28: 1.3
D29: 15. Secrétariat 15 | E29: 22 | F29: 26 | G29: 32.175 | H29: =G29*3.6 -> 115.83 | J29: enduit | K29: 0.93
D30: 16. Salle de réunion 16 | E30: 20 | F30: 24 | G30: 52.62 | H30: =G30*3.6 -> 189.432 | J30: béton armé | K30: 1.7
D31: Data center | E31: 20 | F31: 20 | H31: =G31*3.6 -> 0 | J31: polystyrène expansé | K31: 0.045
A32: pieces | B32: A PORTE | D32: Etage | E32: 20 | F32: 20 | H32: =G32*3.6 -> 0 | J32: isolant Ytong
A33: 16 17 18 20 21 porte de 81cm | B33: 1,6443m² | D33: 9.Couloirs droite 9 | E33: =18 -> 18 | F33: 25 | G33: 49.0625 | H33: =G33*3.6 -> 176.625 | J33: brique de terres cuites (rho = 1600) | K33: 1.09
A34: 19 porte de 101cm PMR | B34: 2,0503m² | D34: 20.Toilette Femme | E34: 16 | F34: 26 | G34: 17.4 | H34: =G34*3.6 -> 62.64 | J34: vitrages
D35: 21.Toilette Homme | E35: 16 | F35: 26 | G35: 12.27 | H35: =G35*3.6 -> 44.172 | J35: hourdis
D36: 14. distributeur 14 | E36: 18 | F36: 25 | G36: 23.0805 | H36: =G36*3.6 -> 83.0898 | J36: polyruéthane projeté
J37: chape armée
J38: dalle FXPI
A39: V16 (mcube) | B39: =(52.73-0.1)*3.78-0.02*2.1 -> 198.8994 | J39: lame d'air
A40: V18 | B40: =4.73*3.6 -> 17.028 | D40: Total | E40: 18 | G40: =SUM(G22:G31) -> 297.4314 | H40: =SUM(H22:H36) -> 1437.2798
A41: V19 | B41: =(4.37-0.16)*3.78-0.02*2.1 -> 15.8718
A42: V20 | B42: =(17.4-0.16-0.16)*3.78-0.02*2.1 -> 64.5204 | D42: Nom de la pièce | E42: Aire du sol | F42: Température été | G42: Temperature hiver | H42: Volume de la pièce
A43: V21 | B43: =(12.27-0.16)*3.78-0.02*2.1 -> 45.7338 | E43: A | F43: T int | G43: T | H43: V | I43: z
A44: V17 | B44: =3.78*(5.08+0.14+26.02+21.74+1.4+0.54+0.24)-0.02*2.1*6 -> 208.2528 | E44: [m^2] | F44: [°C] | G44: [°C] | H44: [m^3]
D45: 1.Coffre | E45: 37.05375 | F45: 26 | G45: 16 | H45: =E45*3.6 -> 133.3935
A46: V1 | B46: =30.36*3.78 -> 114.7608 | D46: 3. Escalier 3 | E46: 14.516 | F46: 25 | G46: 16 | H46: =E46*3.6 -> 52.2576
A47: V9 | B47: =3.6*(2.7+0.57+37.4+0.22+4.31)-0.02*2.1*9 -> 162.342 | D47: 18. Toilette individuelle | E47: 4.73 | F47: 26 | G47: 16 | H47: =E47*3.6 -> 17.028
A48: V15 | D48: 19. Toilette PMR | E48: 4.37 | F48: 26 | G48: 16 | H48: =E48*3.6 -> 15.732
A49: V2 | B49: =3.78*(22.8-0.16)-0.02*2.1 -> 85.5372 | D49: trémis coté coffre | E49: 10.89 | G49: =10 -> 10 | H49: =E49*3.6 -> 39.204
D50: 22.Tremis coté bureau | E50: 3.514 | G50: 10 | H50: =E50*3.6 -> 12.6504
D51: 10. Approvisionnement 10 | E51: 8.5905 | F51: 25 | G51: 18 | H51: =E51*3.6 -> 30.9258
D52: 11. Mini hall 11 | E52: 18.2075 | F52: 25 | G52: 18 | H52: =E52*3.6 -> 65.547
D53: 12 Entrée 12 | F53: 25 | G53: 18
D54: 13. Mini hall 13 | F54: 25 | G54: 18
D55: LT chaufferie | F55: 20 | G55: 10
D56: LT HVAC | F56: 20 | G56: 10
D57: LT Prod Froid | F57: 20 | G57: 10
D58: Autre pieces du sous sol | F58: 20 | G58: 10
G61: =SUM(G22:G39)+SUM(E45:E54) -> 501.11615 | H61: =SUM(H45:H54)+H40 -> 1804.0181
D62: Q- | E62: Transmission | F62: ventilation | G62: Relance | H62: total
E63: ='Charge therm. total'!E30 -> 11442.942 | F63: ='Renouvellement d''air'!AE28 -> 14880.271 | G63: ='(Surpuissance de relance)'!H34 -> 9952.043 | H63: =E63+F63+G63 -> 36275.256
D69: Mesurage | E69: Hauteur | F69: longueur(gauche droite | G69: largeur haut bas
D70: 21 | E70: 3.6 | F70: 3.745 | I70: uUf comment on trouve le d
I71: U final il faut divisé le u trouvé par R ou pas ?
I72: Coef b et F en valeur absolu ?
I74: ouverture exposé
E79: A chassis
E80: MENFOU
E81: MENFOU

Sheet Parois
M2: Coefficient de convection exterieur | N2: he | R2: Coefficient de convection intérieur | S2: hi | T2: h=1/R | X2: Rsi | Y2: 0.13
D3: R=d/lambda | M3: horizontal | N3: =1/0.04 -> 25 | R3: horizontal | S3: =1/0.13 -> 7.6923077 | X3: Rse | Y3: 0.04
D4: U=1/R | M4: ascendant | N4: 25 | R4: ascendant | S4: =1/0.1 -> 10
D5: Ufinal=1/somme(Rmat +Rconvection) | M5: descendant | N5: 25 | R5: descendant | S5: =1/0.17 -> 5.8823529
X6: Base vitrage | Y6: Hauteur vitrage | Z6: Base encadrement | AA6: Hauteur encadrement | AB6: Aire vitrage | AC6: Aire encadrement | AD6: Périmètre du vitrage | AE6: Uw | AG6: Ufinal avec h | AI6: Hypothèse : profilé en Aluminium
B7: Paroi extérieure | R7: Pour les apports | X7: [m] | Y7: [m] | Z7: [m] | AA7: [m] | AB7: [m²] | AC7: [m²] | AD7: [m] | AE7: [W/K] | AI7: Ug [ W/m²*K ] | AJ7: 1.1 | AK7: Double vitrage H.P en 4/16/4
B8: Couches | I8: d [m] | J8: λ [W/m.K] | K8: R [K/W] | L8: U [W/K] | M8: Source | R8: Masse volumique kg/m³ | S8: kg/m² | W8: SDR 8 | X8: 2.44 | Y8: 0.74 | Z8: 2.65 | AA8: 0.9 | AB8: =X8*Y8 -> 1.8056 | AC8: =Z8*AA8-AB8 -> 0.5794 | AD8: =2*X8+2*Y8 -> 6.36 | AE8: =(AB8*AJ$7+AC8*AJ$8+AD8*AJ$9)/(AB8+AC8) -> 1.9229317 | AG8: =1/(1/AE8+1/N$3+1/S$3) -> 1.4491929 | AI8: Uf | AJ8: 3.28 | AK8: la plus ptit d on a pris 20
B9: Brique de terre cuite | I9: 0.07 | J9: 1.19 | K9: =I9/J9 -> 0.058823529 | L9: =1/(K9) -> 17 | M9: caract_materiaux.pdf page 3 | R9: 1700 | S9: =R9*I9 -> 119 | W9: BR 4 | X9: 3.565 | Y9: 0.74 | Z9: 3.725 | AA9: 0.9 | AB9: =X9*Y9 -> 2.6381 | AC9: =Z9*AA9-AB9 -> 0.7144 | AD9: =2*X9+2*Y9 -> 8.61 | AE9: =(AB9*AJ$7+AC9*AJ$8+AD9*AJ$9)/(AB9+AC9) -> 1.8470521 | AG9: =1/(1/AE9+1/N$3+1/S$3) -> 1.4056725 | AI9: ψg | AJ9: 0.11 | AK9: Pg 54 : C.2.4
B10: Polystyrène expansé | I10: 0.13 | J10: 0.045 | K10: =I10/J10 -> 2.8888889 | L10: =1/K10 -> 0.34615385 | M10: caract_materiaux.pdf page 10 | R10: 20 | S10: =R10*I10 -> 2.6 | W10: BR 5 | X10: 3.44 | Y10: 0.74 | Z10: 3.65 | AA10: 0.9 | AB10: =X10*Y10 -> 2.5456 | AC10: =Z10*AA10-AB10 -> 0.7394 | AD10: =2*X10+2*Y10 -> 8.36 | AE10: =(AB10*AJ$7+AC10*AJ$8+AD10*AJ$9)/(AB10+AC10) -> 1.8706216 | AG10: =1/(1/AE10+1/N$3+1/S$3) -> 1.4192819 | AI10: Ug double vitrage [W/m²K] | AJ10: 2.9 | AK10: Double vitrage standard
B11: Béton armé | I11: 0.14 | J11: 1.7 | K11: =I11/J11 -> 0.082352941 | L11: =1/K11 -> 12.142857 | M11: caract_materiaux.pdf page 7 | R11: 2400 | S11: =R11*I11 -> 336 | W11: BR 6a | X11: 2.44 | Y11: 0.74 | Z11: 2.65 | AA11: 0.9 | AB11: =X11*Y11 -> 1.8056 | AC11: =Z11*AA11-AB11 -> 0.5794 | AD11: =2*X11+2*Y11 -> 6.36 | AE11: =(AB11*AJ$7+AC11*AJ$8+AD11*AJ$9)/(AB11+AC11) -> 1.9229317 | AG11: =1/(1/AE11+1/N$3+1/S$3) -> 1.4491929
B12: Enduit | I12: 0.005 | J12: 0.93 | K12: =I12/J12 -> 0.0053763441 | L12: =1/K12 -> 186 | M12: caract_materiaux.pdf page 8 | R12: 1400 | S12: =R12*I12 -> 7 | W12: BR 6b | X12: 0.44 | Y12: 0.74 | Z12: 0.65 | AA12: 0.9 | AB12: =X12*Y12 -> 0.3256 | AC12: =Z12*AA12-AB12 -> 0.2594 | AD12: =2*X12+2*Y12 -> 2.36 | AE12: =(AB12*AJ$7+AC12*AJ$8+AD12*AJ$9)/(AB12+AC12) -> 2.5104137 | AG12: =1/(1/AE12+1/N$3+1/S$3) -> 1.7595079
L13: =1/(K9+K10+K11+K12+N3^-1+S3^-1) -> 0.31196949 | M13: / | R13: =SUM(R9:R12) -> 5520 | S13: =SUM(S9:S12) -> 464.6 | W13: BR 7a | X13: 1.44 | Y13: 0.74 | Z13: 1.65 | AA13: 0.9 | AB13: =X13*Y13 -> 1.0656 | AC13: =Z13*AA13-AB13 -> 0.4194 | AD13: =2*X13+2*Y13 -> 4.36 | AE13: =(AB13*AJ$7+AC13*AJ$8+AD13*AJ$9)/(AB13+AC13) -> 2.0386478 | AG13: =1/(1/AE13+1/N$3+1/S$3) -> 1.5139559
W14: BR 7b | X14: 1.44 | Y14: 0.74 | Z14: 1.65 | AA14: 0.9 | AB14: =X14*Y14 -> 1.0656 | AC14: =Z14*AA14-AB14 -> 0.4194 | AD14: =2*X14+2*Y14 -> 4.36 | AE14: =(AB14*AJ$7+AC14*AJ$8+AD14*AJ$9)/(AB14+AC14) -> 2.0386478 | AG14: =1/(1/AE14+1/N$3+1/S$3) -> 1.5139559
W15: Kitchen/cafet 2 | X15: 3.94 | Y15: 0.74 | Z15: 4.1 | AA15: 0.95 | AB15: =X15*Y15 -> 2.9156 | AC15: =Z15*AA15-AB15 -> 0.9794 | AD15: =2*X15+2*Y15 -> 9.36 | AE15: =(AB15*AJ$7+AC15*AJ$8+AD15*AJ$9)/(AB15+AC15) -> 1.9125012 | AG15: =1/(1/AE15+1/N$3+1/S$3) -> 1.4432607
B16: Paroi extérieure rouge | R16: Pour les apports | W16: SDR 8 coin | X16: 0.755 | Y16: 3.36 | Z16: 1.045 | AA16: 3.6 | AB16: =X16*Y16 -> 2.5368 | AC16: =Z16*AA16-AB16 -> 1.2252 | AD16: =2*X16+2*Y16 -> 8.23 | AE16: =(AB16*AJ$7+AC16*AJ$8+AD16*AJ$9)/(AB16+AC16) -> 2.0506209 | AG16: =1/(1/AE16+1/N$3+1/S$3) -> 1.5205491
B17: Couches | I17: d [m] | J17: λ [W/m.K] | K17: R [K/W] | L17: U [W/K] | M17: Source | R17: Masse volumique | S17: kg/m² | W17: SDR 8 (x5) | X17: 1.26 | Y17: 3.36 | Z17: 1.5 | AA17: 3.6 | AB17: =X17*Y17 -> 4.2336 | AC17: =Z17*AA17-AB17 -> 1.1664 | AD17: =2*X17+2*Y17 -> 9.24 | AE17: =(AB17*AJ$7+AC17*AJ$8+AD17*AJ$9)/(AB17+AC17) -> 1.7591022 | AG17: =1/(1/AE17+1/N$3+1/S$3) -> 1.3541479
B18: Enduit | I18: 0.005 | J18: 0.93 | K18: =I18/J18 -> 0.0053763441 | L18: =1/K18 -> 186 | M18: caract_materiaux.pdf page 8 | R18: 1600 | S18: =R18*I18 -> 8 | W18: mini hall 11 | X18: 0.96 | Y18: 3.36 | Z18: 1.19 | AA18: 3.6 | AB18: =X18*Y18 -> 3.2256 | AC18: =Z18*AA18-AB18 -> 1.0584 | AD18: =2*X18+2*Y18 -> 8.64 | AE18: =(AB18*AJ$7+AC18*AJ$8+AD18*AJ$9)/(AB18+AC18) -> 1.860437 | AG18: =1/(1/AE18+1/N$3+1/S$3) -> 1.4134113
B19: Bloc de béton | I19: 0.14 | J19: 1.3 | K19: =I19/J19 -> 0.10769231 | L19: =1/K19 -> 9.2857143 | M19: caract_materiaux.pdf page 6 | R19: 2400 | S19: =R19*I19 -> 336 | W19: Vitrage 12a/12b | X19: 1.26 | Y19: 3.36 | Z19: 1.5 | AA19: 3.6 | AB19: =X19*Y19 -> 4.2336 | AC19: =Z19*AA19-AB19 -> 1.1664 | AD19: =2*X19+2*Y19 -> 9.24 | AE19: =(AB19*AJ$7+AC19*AJ$8+AD19*AJ$9)/(AB19+AC19) -> 1.7591022 | AG19: =1/(1/AE19+1/N$3+1/S$3) -> 1.3541479
B20: Enduit | I20: 0.005 | J20: 0.93 | K20: =I20/J20 -> 0.0053763441 | L20: =1/K20 -> 186 | M20: caract_materiaux.pdf page 8 | R20: 1600 | S20: =R20*I20 -> 8 | W20: Porte de l'entrée | X20: 1.18 | Y20: 3.32 | Z20: 1.4 | AA20: 3.6 | AB20: 3.37 | AC20: =Z20*AA20-AB20 -> 1.67 | AD20: =2*X20+2*Y20 -> 9 | AE20: =(AB20*AJ$7+AC20*AJ$8+AD20*AJ$9)/(AB20+AC20) -> 2.0187698 | AG20: =1/(1/AE20+1/N$3+1/S$3) -> 1.5029657
L21: =1/(SUM(K18:K20)+N3^-1+S3^-1) -> 3.4668655 | M21: / | R21: =SUM(R18:R20) -> 5600 | S21: =SUM(S18:S20) -> 352 | W21: secretariat (x2) | X21: 1.26 | Y21: 3.36 | Z21: 1.5 | AA21: 3.6 | AB21: =X21*Y21 -> 4.2336 | AC21: =Z21*AA21-AB21 -> 1.1664 | AD21: =2*X21+2*Y21 -> 9.24 | AE21: =(AB21*AJ$7+AC21*AJ$8+AD21*AJ$9)/(AB21+AC21) -> 1.7591022 | AG21: =1/(1/AE21+1/N$3+1/S$3) -> 1.3541479
W22: int vitre entrée (x2) | X22: 0.98 | Y22: 2.15 | Z22: 1.08 | AA22: 2.25 | AB22: =X22*Y22 -> 2.107 | AC22: =Z22*AA22-AB22 -> 0.323 | AD22: =2*X22+2*Y22 -> 6.26 | AE22: =(AB22*AJ$7+AC22*AJ$8+AD22*AJ$9)/(AB22+AC22) -> 1.673144 | AG22: =1/(1/AE22+1/N$3+1/S$3) -> 1.3026309
B23: Paroi intérieure rouge | R23: Pour les apports | W23: mini hall 13 | X23: 0.96 | Y23: 3.36 | Z23: 1.09 | AA23: 3.6 | AB23: =X23*Y23 -> 3.2256 | AC23: =Z23*AA23-AB23 -> 0.6984 | AD23: =2*X23+2*Y23 -> 8.64 | AE23: =(AB23*AJ$7+AC23*AJ$8+AD23*AJ$9)/(AB23+AC23) -> 1.7302018 | AG23: =1/(1/AE23+1/N$3+1/S$3) -> 1.3369569
B24: Couches | I24: d [m] | J24: λ [W/m.K] | K24: R [K/W] | L24: U [W/K] | M24: Source | R24: Masse volumique | S24: kg/m² | W24: secretariat extreme(x2) | X24: 1.26 | Y24: 3.36 | Z24: 1.49 | AA24: 3.6 | AB24: =X24*Y24 -> 4.2336 | AC24: =Z24*AA24-AB24 -> 1.1304 | AD24: =2*X24+2*Y24 -> 9.24 | AE24: =(AB24*AJ$7+AC24*AJ$8+AD24*AJ$9)/(AB24+AC24) -> 1.7488949 | AG24: =1/(1/AE24+1/N$3+1/S$3) -> 1.348091
B25: Enduit | I25: 0.005 | J25: 0.93 | K25: =I25/J25 -> 0.0053763441 | L25: =1/K25 -> 186 | M25: caract_materiaux.pdf page 8 | R25: 1600 | S25: =R25*I25 -> 8 | W25: Porte coulissante | X25: 0.519 | Y25: 2.2 | Z25: 0.569 | AA25: 2.25 | AB25: =X25*Y25 -> 1.1418 | AC25: =Z25*AA25-AB25 -> 0.13845 | AD25: =2*X25+2*Y25 -> 5.438 | AE25: =(AB25*AJ7+AC25*AJ$8+AD25*AJ$9)/(AB25+AC25) -> 1.8029885 | AG25: =1/(1/AE25+1/N$3+1/S$3) -> 1.3800056
B26: Bloc de béton | I26: 0.14 | J26: 1.3 | K26: =I26/J26 -> 0.10769231 | L26: =1/K26 -> 9.2857143 | M26: caract_materiaux.pdf page 6 | R26: 2400 | S26: =R26*I26 -> 336
B27: Enduit | I27: 0.005 | J27: 0.93 | K27: =I27/J27 -> 0.0053763441 | L27: =1/K27 -> 186 | M27: caract_materiaux.pdf page 8 | R27: 1600 | S27: =R27*I27 -> 8
L28: =1/(K25+K26+K27+2*S3^-1) -> 2.6423919 | M28: / | R28: =SUM(R25:R27) -> 5600 | S28: =SUM(S25:S27) -> 352
B30: Paroi coffre-fort | R30: Pour les apports
B31: Couches | I31: d [m] | J31: λ [W/m.K] | K31: R [K/W] | L31: U [W/K] | M31: Source | R31: Masse volumique | S31: kg/m²
B32: Enduit | I32: 0.005 | J32: 0.93 | K32: =I32/J32 -> 0.0053763441 | L32: =1/K32 -> 186 | M32: caract_materiaux.pdf page 8 | R32: 2500 | S32: =R32*I32 -> 12.5
B33: Béton haute densité | I33: 0.5 | J33: 1.7 | K33: =I33/J33 -> 0.29411765 | L33: =1/K33 -> 3.4 | M33: caract_materiaux.pdf page 25 | R33: 2400 | S33: =R33*I33 -> 1200
B34: Enduit | I34: 0.005 | J34: 0.93 | K34: =I34/J34 -> 0.0053763441 | L34: =1/K34 -> 186 | M34: caract_materiaux.pdf page 8 | R34: 2500 | S34: =R34*I34 -> 12.5
L35: =1/(K32+K33+K34+2*S3^-1) -> 1.7703178 | M35: / | R35: =SUM(R32:R34) -> 7400 | S35: =SUM(S32:S34) -> 1225
B37: Paroi blanche | R37: Pour les apports
B38: Couches | I38: d [m] | J38: λ [W/m.K] | K38: R [K/W] | L38: U [W/K] | M38: Source | R38: Masse volumique | S38: kg/m²
B39: Enduit | I39: 0.005 | J39: 0.93 | K39: =I39/J39 -> 0.0053763441 | L39: =1/K39 -> 186 | M39: caract_materiaux.pdf page 8 | R39: 2500 | S39: =R39*I39 -> 12.5
B40: Ytong haute densité | I40: 0.09 | J40: 0.32 | K40: =I40/J40 -> 0.28125 | L40: =1/K40 -> 3.5555556 | M40: caract_materiaux.pdf page 6 | R40: 1000 | S40: =R40*I40 -> 90
B41: Enduit | I41: 0.005 | J41: 0.93 | K41: =I41/J41 -> 0.0053763441 | L41: =1/K41 -> 186 | M41: caract_materiaux.pdf page 8 | R41: 2500 | S41: =R41*I41 -> 12.5
L42: =1/(K39+K40+K41+2*S3^-1) -> 1.8115854 | M42: / | R42: =SUM(R39:R41) -> 6000 | S42: =SUM(S39:S41) -> 115
B44: Sol
B45: Couches | I45: d [m] | J45: λ [W/m.K] | K45: R [K/W] | L45: U [W/K] | M45: Source
B46: Chape armée | I46: 0.08 | J46: 0.37 | K46: =I46/J46 -> 0.21621622 | L46: =1/K46 -> 4.625 | M46: lien en commentaire page 68 | R46: CONVECTIF POUR VITRE ET SOL
B47: polyuréthane projeté | I47: 0.12 | J47: 0.055 | K47: =I47/J47 -> 2.1818182 | L47: =1/K47 -> 0.45833333 | M47: guide_pratiquevol1.pdf page 50
B48: Béton armé | I48: 0.18 | J48: 1.7 | K48: =I48/J48 -> 0.10588235 | L48: =1/K48 -> 9.4444444 | M48: caract_materiaux.pdf page 7
L49: =1/(SUM(K46:K48)+A42) -> 0.3993743 | M49: /
R50: effet convectif a prendre en compte
B51: Plafond
B52: Couches | I52: d [m] | J52: λ [W/m.K] | K52: R [K/W] | L52: U [W/K] | M52: Source
B53: Dalle FxPI | I53: 0.035 | J53: 0.7 | K53: =I53/J53 -> 0.05 | L53: =1/K53 -> 20 | M53: ????????????
B54: Air | I54: 0.12 | J54: 0.024 | K54: =I54/J54 -> 5 | L54: =1/K54 -> 0.2 | M54: ?????????????
B55: Chape armée | I55: 0.08 | J55: 0.37 | K55: =I55/J55 -> 0.21621622 | L55: =1/K55 -> 4.625 | M55: lien en commentaire page 68
B56: Polyuréthane projeté | I56: 0.08 | J56: 0.055 | K56: =I56/J56 -> 1.4545455 | L56: =1/K56 -> 0.6875 | M56: ????????????????
B57: Hourdis | I57: 0.18 | J57: 1.65 | K57: =I57/J57 -> 0.10909091 | L57: =1/K57 -> 9.1666667 | M57: ???????????
B58: Enduit | I58: 0.005 | J58: 0.93 | K58: =I58/J58 -> 0.0053763441 | L58: =1/K58 -> 186 | M58: caract_materiaux.pdf page 8
L59: =1/(SUM(K53:K58)) -> 0.14630088 | M59: /
B61: Paroi rouge TREMIS | R61: Pour les apports
B62: Couches | I62: d [m] | J62: λ [W/m.K] | K62: R [K/W] | L62: U [W/K] | M62: Source | R62: Masse volumique | S62: kg/m²
B63: Enduit | I63: 0.005 | J63: 0.93 | K63: =I63/J63 -> 0.0053763441 | L63: =1/K63 -> 186 | M63: caract_materiaux.pdf page 8 | R63: 1600 | S63: =R63*I63 -> 8
B64: Bloc de béton | I64: 0.14 | J64: 1.3 | K64: =I64/J64 -> 0.10769231 | L64: =1/K64 -> 9.2857143 | M64: caract_materiaux.pdf page 6 | R64: 2400 | S64: =R64*I64 -> 336
L65: =1/(K63+K64+S4^-1+S3^-1) -> 2.9148685 | M65: / | R65: =SUM(R63:R64) -> 4000 | S65: =SUM(S63:S64) -> 344
B68: Porte | R68: Pour les apports
B69: Couches | I69: d [m] | J69: λ [W/m.K] | K69: R [K/W] | L69: U [W/K] | M69: Source | R69: Masse volumique | S69: kg/m²
B70: Enduit | M70: caract_materiaux.pdf page 25
L72: 2.5 | M72: / | R72: =SUM(R70:R71) -> 0 | S72: =SUM(S70:S71) -> 0
C88: sous sol
C94: Sol COFFRE FORT
C95: Couches | J95: d [m] | K95: λ [W/m.K] | L95: R [K/W] | M95: U [W/K] | N95: Source
C96: Chape armée | J96: 0.08 | K96: 0.37 | L96: =J96/K96 -> 0.21621622 | M96: =1/L96 -> 4.625 | N96: lien en commentaire page 68
C97: polyuréthane projeté | J97: 0.12 | K97: 0.055 | L97: =J97/K97 -> 2.1818182 | M97: =1/L97 -> 0.45833333 | N97: guide_pratiquevol1.pdf page 50
C98: Béton armé | J98: 0.43 | K98: 1.7 | L98: =J98/K98 -> 0.25294118 | M98: =1/L98 -> 3.9534884 | N98: caract_materiaux.pdf page 7
M99: =1/(SUM(L96:L98)) -> 0.37721962 | N99: /

Sheet Entrée (1)
B4: Déperdition vers l'exterieur
B5: Code | C5: Paroi | G5: Ak | H5: Uk | I5: ek | J5: Ak.Uk.ek
G6: m2 | H6: W/(m²*K) | I6: - | J6: W/K | O6: Apport depuis des espaces chauffés à des températures différentes
C7: fenetre mini hall 13 | G7: =Parois!AB23+Parois!AC23 -> 3.924 | H7: =Parois!AG23 -> 1.3369569 | I7: 1 | J7: =G7*H7*I7 -> 5.246219 | O7: Code | P7: Paroi | T7: fij | U7: Ak | V7: Uk | W7: fij.Ak.Uk
C8: vitrage 12a/12b | G8: =2*SUM(Parois!AB19:AC19) -> 10.8 | H8: =Parois!AG21 -> 1.3541479 | I8: 1 | J8: =G8*H8*I8 -> 14.624797 | T8: - | U8: m2 | V8: W/(m²*K) | W8: W/K
C9: porte entrée | G9: =SUM(Parois!AB20:AC20) -> 5.04 | H9: =Parois!AG20 -> 1.5029657 | I9: 1 | J9: =G9*H9*I9 -> 7.5749472 | P9: Salle d'attente | T9: =X30/W26 -> -0.14285714 | U9: =(0.05+1.95+0.2*2+0.075)*3.945 -> 9.763875 | V9: =Parois!L28 -> 2.6423919 | W9: =T9*U9*V9 -> -3.6857121
C10: fenetre mini hall 11 | G10: =SUM(Parois!AB18:AC18) -> 4.284 | H10: =Parois!AG18 -> 1.4134113 | I10: 1 | J10: =G10*H10*I10 -> 6.0550541 | P10: Secretariat | T10: =X31/W26 -> -0.14285714 | U10: =3.945*(3.97+0.3+0.05)-U11 -> 15.3981 | V10: =Parois!L28 -> 2.6423919 | W10: =T10*U10*V10 -> -5.812545
C11: Mur les petits bouts | G11: =2*0.235*3.78*0.1 -> 0.17766 | H11: =Parois!L13 -> 0.31196949 | I11: 1 | J11: =G11*H11*I11 -> 0.055424499 | P11: Portes vers secretariat | T11: =X31/W26 -> -0.14285714 | U11: =0.81*2.03 -> 1.6443 | V11: 2.5 | W11: =T11*U11*V11 -> -0.58725
I12: 1 | J12: =G12*H12*I12 -> 0 | P12: Salle de réunion | T12: =X33/W26 -> 0.14285714 | U12: =(4.17+0.05+0.3)*3.945 -> 17.8314 | V12: =Parois!L28 -> 2.6423919 | W12: =T12*U12*V12 -> 6.7310782
J13: = | P13: Vers couloir | T13: =X32/W26 -> 0 | U13: =(1.75+0.05+0.2)*3.945-U14 -> 6.2457 | V13: =Parois!L28 -> 2.6423919 | W13: =T13*U13*V13 -> 0
B14: Coefficients total de déperditions directe vers l'extérieur | H14: HT,ie | J14: =SUM(J7:J11) -> 33.556442 | P14: Portes vers couloir | T14: =X32/W26 -> 0 | U14: =0.81*2.03 -> 1.6443 | V14: 2.5 | W14: =T14*U14*V14 -> 0
B15: Déperdition à travers espaces non-chauffés | P15: vers distrib | T15: =X35/W26 -> 0 | U15: =(5.35+0.15+0.075)*3.945-U16 -> 16.872375 | V15: =Parois!L42 -> 1.8115854 | W15: =T15*U15*V15 -> 0
B16: Code | C16: Paroi | G16: Ak | H16: Uk | I16: bu | J16: Ak.Uk.bu | P16: portes coullissante vers distrib | T16: =X36/W26 -> 0 | U16: =4*SUM(Parois!AB25:AC25) -> 5.121 | V16: =Parois!AG25 -> 1.3800056 | W16: =T16*U16*V16 -> 0
G17: m2 | H17: W/(m²*K) | I17: - | J17: W/K | P17: Approv | T17: =X36/W26 -> 0 | U17: =2*0.3945 -> 0.789 | V17: =Parois!L28 -> 2.6423919 | W17: =T17*U17*V17 -> 0
P18: Sol | T18: =X34/W26 -> 0.71428571 | U18: =Données!E52 -> 18.2075 | V18: =Parois!L49 -> 0.3993743 | W18: =T18*U18*V18 -> 5.1940054
B19: Coefficients total de déperditions directe à travers espaces non chauffées (H iue) | O19: Coefficient total de déperditions vers des espaces chauffés à des températures différentes | W19: HT,ij | X19: =SUM(W12:W18) -> 11.925084
B20: Déperditions vers des espaces chauffés à des températures différentes | O20: Coefficient total de déperditions par transmission | T20: HT,l = Ht,ie+HT,lue+HT,lg+HT,ij W/K
B21: Code | C21: Paroi | G21: fij | H21: Ak | I21: Uk | J21: fij.Ak.Uk | O21: Données de température de base
G22: - | H22: m2 | I22: W/(m²*K) | J22: W/K | O22: Température extérieure de base | U22: θe | V22: °C | W22: 32 | Y22: [W]
C23: Salle d'attente | G23: =(($J$37-H42)/$J$38) -> -0.076923077 | H23: =(0.05+1.95+0.2*2+0.075)*3.945 -> 9.763875 | I23: =Parois!L28 -> 2.6423919 | J23: =G23*H23*I23 -> -1.9846142 | O23: Température intérieure de base | U23: θint,l | V23: °C | W23: 25
C24: Secretariat | G24: =(($J$37-H43)/$J$38) -> -0.15384615 | H24: =3.945*(3.97+0.3+0.05)-H25 -> 15.3981 | I24: =Parois!L28 -> 2.6423919 | J24: =G24*H24*I24 -> -6.2596639
C25: Portes vers secretariat | G25: =(($J$37-H43)/$J$38) -> -0.15384615 | H25: =0.81*2.03 -> 1.6443 | I25: 2.5 | J25: =G25*H25*I25 -> -0.63242308
C26: Salle de réunion | G26: =(($J$37-H45)/$J$38) -> -0.076923077 | H26: =(4.17+0.05+0.3)*3.945 -> 17.8314 | I26: =Parois!L28 -> 2.6423919 | J26: =G26*H26*I26 -> -3.6244267 | O26: Ecart de température de base | U26: θint,l - θe | V26: °C | W26: =W22-W23 -> 7
C27: Vers couloir | G27: =(($J$37-H44)/$J$38) -> 0 | H27: =(1.75+0.05+0.2)*3.945-H28 -> 6.2457 | I27: =Parois!L28 -> 2.6423919 | J27: =G27*H27*I27 -> 0 | O27: Déperditions de base par transmission avec l'extérieur 𝚽T,i=HT,i.(θint,i-θe) | X27: =W26*#REF! -> #REF!
C28: Portes vers couloir | G28: =ABS(($J$37-H44)/$J$38) -> 0 | H28: =0.81*2.03 -> 1.6443 | I28: 2.5 | J28: =G28*H28*I28 -> 0 | O28: Données de température de pièces adjacentes
C29: vers distrib | G29: =(($J$37-H47)/$J$38) -> 0 | H29: =(5.35+0.15+0.075)*3.945-H30 -> 16.872375 | I29: =Parois!L42 -> 1.8115854 | J29: =G29*H29*I29 -> 0 | O29: Nom de pièce | U29: T hiver | V29: T été | W29: ΔT hiver | X29: ΔT été
C30: portes coullissante vers distrib | G30: =(($J$37-H47)/$J$38) -> 0 | H30: =4*SUM(Parois!AB25:AC25) -> 5.121 | I30: =Parois!AG25 -> 1.3800056 | J30: =G30*H30*I30 -> 0 | O30: Salle d'attente | U30: / | V30: =Données!F25 -> 26 | W30: / | X30: =W$23-V30 -> -1 | Y30: [W]
C31: Approv | G31: =(($J$37-H48)/$J$38) -> 0 | H31: =2*0.3945 -> 0.789 | I31: =Parois!L28 -> 2.6423919 | J31: =G31*H31*I31 -> 0 | O31: Secretariat | U31: / | V31: =Données!F29 -> 26 | W31: / | X31: =W$23-V31 -> -1 | Y31: [W]
C32: Sol | G32: =((Données!G53-Données!G58)/(Données!G53-Données!G11)) -> 0.30769231 | H32: =Données!E52 -> 18.2075 | I32: =Parois!L49 -> 0.3993743 | J32: =G32*H32*I32 -> 2.2374177 | O32: Couloir | U32: / | V32: =Données!F33 -> 25 | W32: / | X32: =W$23-V32 -> 0
B33: Coefficient total de déperditions vers des espaces chauffés à des températures différentes | J33: HT,ij | K33: =J32 -> 2.2374177 | O33: Salle de réunion | U33: / | V33: =Données!F30 -> 24 | W33: / | X33: =W$23-V33 -> 1
B34: Coefficient total de déperditions par transmission | G34: HT,l = Ht,ie+HT,lue+HT,lg+HT,ij W/K | O34: Sol | U34: / | V34: =Données!F58 -> 20 | X34: =W$23-V34 -> 5
B35: Données de température de base | O35: distrib | U35: / | V35: =Données!F36 -> 25 | X35: =W$23-V35 -> 0
B36: Température extérieure de base | H36: θe | I36: °C | J36: -8 | O36: approv | U36: / | V36: =Données!F51 -> 25 | W36: / | X36: =W$23-V36 -> 0
B37: Température intérieure de base | H37: θint,l | I37: °C | J37: =Données!G52 -> 18 | O37: Déperditions de base par transmission avec les pièces adjacentes | X37: =X19*W26 -> 83.475585
B38: Ecart de température de base | H38: θint,l - θe | I38: °C | J38: =J37-J36 -> 26 | O38: Déperditions totales de la pièce | X38: =X27+X37 -> #REF!
B39: Déperditions de base par transmission 𝚽T,i=HT,i.(θint,i-θe) | K39: =(J14+K33)*J38 -> 930.64034
B40: Données de température de pièces adjacentes
B41: Nom de pièce | H41: T hiver | I41: T été | J41: ΔT hiver
B42: Salle d'attente | H42: =Données!E25 -> 20 | I42: =Données!F25 -> 26 | J42: =J$37-H42 -> -2
B43: Secretariat | H43: =Données!E29 -> 22 | I43: =Données!F29 -> 26 | J43: =J$37-H43 -> -4
B44: Couloir | H44: =Données!E33 -> 18 | I44: =Données!#REF! -> #REF! | J44: =J$37-H44 -> 0
B45: Salle de réunion | H45: =Données!E30 -> 20 | I45: =Données!F30 -> 24 | J45: =J$37-H45 -> -2
B46: Sol | H46: =Données!G58 -> 10 | I46: =Données!F31 -> 20 | J46: =J$37-H46 -> 8
B47: distrib | H47: =Données!E36 -> 18 | J47: =J$37-H47 -> 0
B48: approv | H48: 18 | J48: =J$37-H48 -> 0
B49: Déperditions de base par transmission avec les pièces adjacentes
B50: Déperditions totales de la pièce
K51: =J32 -> 2.2374177
K57: =(K21+#REF!+K51)*J38 -> #REF! | L57: [W]
K59: ΔT été
K60: =$J$37-I42 -> -8
K61: =$J$37-I43 -> -8
K62: =$J$37-H44 -> 0
K63: =$J$37-I45 -> -6
K64: =$J$37-I46 -> -2
L67: [W]
L68: [W]

Sheet Distrib et Approv
A2: DISTRIBUTEUR
B4: Déperdition vers l'exterieur | Q4: Apport depuis des espaces chauffés à des températures différentes
B5: Code | C5: Paroi | G5: Ak | H5: Uk | I5: ek | J5: Ak.Uk.ek | Q5: Code | R5: Paroi | V5: fij | W5: Ak | X5: Uk | Y5: fij.Ak.Uk
G6: m2 | H6: W/(m²*K) | I6: - | J6: W/K | V6: - | W6: m2 | X6: W/(m²*K) | Y6: W/K
C7: / | R7: Salle d'attente | V7: =Z28/Y24 -> -0.14285714 | W7: =(5.225+1.95+0.05+0.075)*3.945 -> 28.7985 | X7: =Parois!L28 -> 2.6423919 | Y7: =V7*W7*X7 -> -10.870989
B8: Total des ponts thermiques ΣkΨk.lk.ek W/K | J8: =0 -> 0 | R8: secretariat | V8: =Z29/Y24 -> -0.14285714 | W8: =(1.79+0.1+0.05)*3.945 -> 7.6533 | X8: =Parois!L28 -> 2.6423919 | Y8: =V8*W8*X8 -> -2.8890026
B9: Coefficients total de déperditions directe vers l'extérieur | H9: HT,ie | R9: Vers approvisionnement | V9: =Z31/Y24 -> 0 | W9: =(3.975+0.1+0.075)*3.945 -> 16.37175 | X9: =Parois!L28 -> 2.6423919 | Y9: =V9*W9*X9 -> 0
B10: Déperdition à travers espaces non-chauffés | R10: vers entrée | V10: =Z30/Y24 -> 0 | W10: =(5.35+0.15+0.075)*3.945 -> 21.993375 | X10: =Parois!L42 -> 1.8115854 | Y10: =V10*W10*X10 -> 0
B11: Code | C11: Paroi | G11: Ak | H11: Uk | I11: bu | J11: Ak.Uk.bu | R11: vers portes coulissantes entree | V11: =Z30/Y24 -> 0 | W11: =4*SUM(Parois!AB25:AC25) -> 5.121 | X11: =Parois!AG25 -> 1.3800056 | Y11: =V11*W11*X11 -> 0
G12: m2 | H12: W/(m²*K) | I12: - | J12: W/K | R12: Sol | V12: =Z32/Y24 -> 0.71428571 | W12: =Données!E36 -> 18 | X12: =Parois!L49 -> 0.3993743 | Y12: =V12*W12*X12 -> 5.1348124
B13: Coefficients total de déperditions directe à travers espaces non chauffées (H iue) | K13: =J8 -> 0
B14: Coefficients total de déperditions directe à travers le sol | H14: Ht,ig
B15: Déperditions vers des espaces chauffés à des températures différentes
B16: Code | C16: Paroi | G16: fij | H16: Ak | I16: Uk | J16: fij.Ak.Uk
G17: - | H17: m2 | I17: W/(m²*K) | J17: W/K | Q17: Coefficient total de déperditions vers des espaces chauffés à des températures différentes | Y17: HT,ij | Z17: =SUM(Y10:Y12) -> 5.1348124
C18: Salle d'attente | G18: =(($J$27-H33)/$J$29) -> -1.0769231 | H18: =(5.225+1.95+0.05+0.075)*3.945 -> 28.7985 | I18: =Parois!L28 -> 2.6423919 | J18: =G18*H18*I18 -> -81.950533 | Q18: Coefficient total de déperditions par transmission | V18: HT,l = Ht,ie+HT,lue+HT,lg+HT,ij W/K
C19: secretariat | G19: =(($J$28-H34)/$J$29) -> -0.15384615 | H19: =(1.79+0.1+0.05)*3.945 -> 7.6533 | I19: =Parois!L28 -> 2.6423919 | J19: =G19*H19*I19 -> -3.1112336 | Q19: Données de température de base
C20: Vers approvisionnement | G20: =(($J$28-H35)/$J$29) -> 0 | H20: =(3.975+0.1+0.075)*3.945 -> 16.37175 | I20: =Parois!L28 -> 2.6423919 | J20: =G20*H20*I20 -> 0 | Q20: Température extérieure de base | W20: θe | X20: °C | Y20: 32 | AA20: [W]
C21: vers entrée | G21: =(($J$28-H35)/$J$29) -> 0 | H21: =(5.35+0.15+0.075)*3.945 -> 21.993375 | I21: =Parois!L42 -> 1.8115854 | J21: =G21*H21*I21 -> 0 | Q21: Température intérieure de base | W21: θint,l | X21: °C | Y21: 25
C22: vers portes coulissantes entree | G22: =(($J$28-H35)/$J$29) -> 0 | H22: =4*SUM(Parois!AB25:AC25) -> 5.121 | I22: =Parois!AG25 -> 1.3800056 | J22: =G22*H22*I22 -> 0
C23: Sol | G23: =(($J$28-H37)/$J$29) -> 0.30769231 | H23: =Données!E36 -> 18 | I23: =Parois!L49 -> 0.3993743 | J23: =G23*H23*I23 -> 2.2119192
B24: Coefficient total de déperditions vers des espaces chauffés à des températures différentes | I24: HT,ij | J24: HT,ij | K24: =J23 -> 2.2119192 | Q24: Ecart de température de base | W24: θint,l - θe | X24: °C | Y24: =Y20-Y21 -> 7
B25: Coefficient total de déperditions par transmission | G25: HT,l = Ht,ie+HT,lue+HT,lg+HT,ij W/K | Q25: Déperditions de base par transmission avec l'extérieur 𝚽T,i=HT,i.(θint,i-θe) | Z25: =Y24*#REF! -> #REF!
B26: Données de température de base | Q26: Données de température de pièces adjacentes
B27: Température extérieure de base | H27: θe | I27: °C | J27: -8 | Q27: Nom de pièce | W27: T hiver | X27: T été | Y27: ΔT hiver | Z27: ΔT été
B28: Température intérieure de base | H28: θint,l | I28: °C | J28: =Données!E36 -> 18 | Q28: Salle d'attente | W28: / | X28: =Données!F25 -> 26 | Y28: / | Z28: =Y$21-X28 -> -1 | AA28: [W]
B29: Ecart de température de base | H29: θint,l - θe | I29: °C | J29: =J28-J27 -> 26 | Q29: Secretariat | W29: / | X29: =Données!F29 -> 26 | Y29: / | Z29: =Y$21-X29 -> -1 | AA29: [W]
B30: Déperditions de base par transmission 𝚽T,i=HT,i.(θint,i-θe) | K30: =K24*J29 -> 57.509899 | Q30: Entrée | W30: / | X30: =Données!F53 -> 25 | Y30: / | Z30: =Y$21-X30 -> 0
B31: Données de température de pièces adjacentes | Q31: Approvisionnement | W31: / | X31: =Données!F51 -> 25 | Y31: / | Z31: =Y$21-X31 -> 0
B32: Nom de pièce | H32: T hiver | I32: T été | J32: ΔT hiver | K32: ΔT été | Q32: Sol | W32: / | X32: =Données!F58 -> 20 | Z32: =Y$21-X32 -> 5
B33: Salle d'attente | H33: =Données!E25 -> 20 | I33: =Données!F25 -> 26 | J33: =J$28-H33 -> -2 | K33: =$J$28-I33 -> -8 | W33: / | Z33: =Y$23-X33 -> 0
B34: Secretariat | H34: =Données!E29 -> 22 | I34: =Données!F29 -> 26 | J34: =J$28-H34 -> -4 | K34: =$J$28-I34 -> -8 | W34: / | Y34: / | Z34: =Y$23-X34 -> 0
B35: Entrée | H35: =Données!G53 -> 18 | I35: =Données!#REF! -> #REF! | J35: =J$28-H35 -> 0 | K35: =$J$28-H35 -> 0 | Q35: Déperditions de base par transmission avec les pièces adjacentes | Z35: =Z17*Y24 -> 35.943687
B36: Approvisionnement | H36: =Données!G51 -> 18 | I36: =Données!F30 -> 24 | J36: =J$28-H36 -> 0 | K36: =$J$28-I36 -> -6 | Q36: Déperditions totales de la pièce | Z36: =Z25+Z35 -> #REF!
B37: Sol | H37: =Données!G58 -> 10 | I37: =Données!F31 -> 20 | J37: =J$28-H37 -> 8 | K37: =$J$28-I37 -> -2
B38: Déperditions de base par transmission avec les pièces adjacentes | K38: =#REF!*J37 -> #REF!
B39: Déperditions totales de la pièce | K39: =K30+K38 -> #REF!
C52: Approv | D52: Déperdition vers l'exterieur
C53: By Anis | D53: Code | E53: Paroi | I53: Ak | J53: Uk | K53: ek | L53: Ak.Uk.ek
I54: m2 | J54: W/(m²*K) | K54: - | L54: W/K | S54: Apport depuis des espaces chauffés à des températures différentes
E55: / | S55: Code | T55: Paroi | X55: fij | Y55: Ak | Z55: Uk | AA55: fij.Ak.Uk
D56: Coefficients total de déperditions directe vers l'extérieur | J56: HT,ie | X56: - | Y56: m2 | Z56: W/(m²*K) | AA56: W/K
D57: Déperdition à travers espaces non-chauffés | X57: =AB78/AA74 -> 0.71428571 | Y57: =(0.05+1.95+0.2*2+0.075)*3.945 -> 9.763875 | Z57: =Parois!P76 -> 0 | AA57: =X57*Y57*Z57 -> 0
D58: Code | E58: Paroi | I58: Ak | J58: Uk | K58: bu | L58: Ak.Uk.bu | X58: =AB79/AA74 -> 0 | Y58: =3.945*(3.97+0.3+0.05)-Y59 -> 15.3981 | Z58: =Parois!P76 -> 0 | AA58: =X58*Y58*Z58 -> 0
I59: m2 | J59: W/(m²*K) | K59: - | L59: W/K | X59: =AB79/AA74 -> 0 | Y59: =0.81*2.03 -> 1.6443 | Z59: 2.5 | AA59: =X59*Y59*Z59 -> 0
E60: / | K60: 0 | L60: =PRODUCT(I60:K60) -> 0 | X60: =AB81/AA74 -> 0 | Y60: =(4.17+0.05+0.3)*3.945 -> 17.8314 | Z60: =Parois!P76 -> 0 | AA60: =X60*Y60*Z60 -> 0
D61: Coefficients total de déperditions directe à travers espaces non chauffées (H iue) | X61: =AB80/AA74 -> 0 | Y61: =(1.75+0.05+0.2)*3.945-Y62 -> 6.2457 | Z61: =Parois!P76 -> 0 | AA61: =X61*Y61*Z61 -> 0
D62: Déperditions vers des espaces chauffés à des températures différentes | X62: =AB80/AA74 -> 0 | Y62: =0.81*2.03 -> 1.6443 | Z62: 2.5 | AA62: =X62*Y62*Z62 -> 0
D63: Code | E63: Paroi | I63: fij | J63: Ak | K63: Uk | L63: fij.Ak.Uk | X63: =AB83/AA74 -> 0 | Y63: =(5.35+0.15+0.075)*3.945-Y64 -> 21.993375 | Z63: =Parois!P90 -> 0 | AA63: =X63*Y63*Z63 -> 0
I64: - | J64: m2 | K64: W/(m²*K) | L64: W/K | X64: =AB84/AA74 -> 0 | Y64: =4*SUM(Parois!AF73:AG73) -> 0 | Z64: =Parois!AK73 -> 0 | AA64: =X64*Y64*Z64 -> 0
E65: Sol | I65: =($L$70-J79)/$L$71 -> 0.30769231 | J65: =8.5905 -> 8.5905 | K65: =Parois!L49 -> 0.3993743 | L65: =PRODUCT(I65:K65) -> 1.0556384 | X65: =AB84/AA74 -> 0 | Y65: =2*0.3945 -> 0.789 | Z65: =Parois!P76 -> 0 | AA65: =X65*Y65*Z65 -> 0
D66: Coefficient total de déperditions vers des espaces chauffés à des températures différentes | K66: HT,ij | L66: HT,ij | T66: Sol | X66: =AB78/AA74 -> 0.71428571 | Y66: =2*0.3945 -> 0.789 | Z66: =Parois!L49 -> 0.3993743 | AA66: =X66*Y66*Z66 -> 0.22507594
D67: Coefficient total de déperditions par transmission | I67: HT,l = Ht,ie+HT,lue+HT,lg+HT,ij W/K | M67: =L65 -> 1.0556384 | S67: Coefficient total de déperditions vers des espaces chauffés à des températures différentes | AA67: HT,ij | AB67: =SUM(AA57:AA66) -> 0.22507594
D68: Données de température de base | S68: Coefficient total de déperditions par transmission | X68: HT,l = Ht,ie+HT,lue+HT,lg+HT,ij W/K
D69: Température extérieure de base | J69: θe | K69: °C | L69: -8 | S69: Données de température de base
D70: Température intérieure de base | J70: θint,l | K70: °C | L70: =Données!G51 -> 18 | S70: Température extérieure de base | Y70: θe | Z70: °C | AA70: 32 | AC70: [W]
D71: Ecart de température de base | J71: θint,l - θe | K71: °C | L71: =L70-L69 -> 26 | S71: Température intérieure de base | Y71: θint,l | Z71: °C | AA71: 25
D72: Déperditions de base par transmission avec l'extérieur 𝚽T,i=HT,i.(θint,i-θe) | M72: =M67*L71 -> 27.446599
D73: Données de température de pièces adjacentes
D74: Nom de pièce | J74: T hiver | K74: T été | L74: ΔT hiver | M74: ΔT été | S74: Ecart de température de base | Y74: θint,l - θe | Z74: °C | AA74: =AA70-AA71 -> 7
D75: SDR 8 | J75: =Données!E28 -> 20 | K75: =Données!Y27 -> 0 | L75: =L$70-J75 -> -2 | M75: =$J$28-K75 -> 18 | S75: Déperditions de base par transmission avec l'extérieur 𝚽T,i=HT,i.(θint,i-θe) | AB75: =AA74*#REF! -> #REF!
D76: Couloir | J76: =Données!E33 -> 18 | K76: =Données!Y31 -> 0 | L76: =L$70-J76 -> 0 | M76: =$J$28-K76 -> 18 | S76: Données de température de pièces adjacentes
D77: Entrée | J77: =Données!G53 -> 18 | K77: =Données!#REF! -> #REF! | L77: =L$70-J77 -> 0 | M77: =$J$28-J77 -> 0 | S77: Nom de pièce | Y77: T hiver | Z77: T été | AA77: ΔT hiver | AB77: ΔT été
D78: Distrib | J78: =Données!E36 -> 18 | K78: =Données!Y32 -> 0 | L78: =L$70-J78 -> 0 | M78: =$J$28-K78 -> 18 | S78: sol | Y78: / | Z78: =Données!F58 -> 20 | AA78: / | AB78: =AA71-Z78 -> 5 | AC78: [W]
D79: Sol | J79: =Données!G58 -> 10 | K79: =Données!Y33 -> 0 | L79: =L$70-J79 -> 8 | M79: =$J$28-K79 -> 18 | Y79: / | Z79: =Données!J77 -> 0 | AA79: / | AB79: =AA$23-Z79 -> 0 | AC79: [W]
D80: Déperditions de base par transmission avec les pièces adjacentes | Y80: / | Z80: =Données!J81 -> 0 | AA80: / | AB80: =AA$23-Z80 -> 0
D81: Déperditions totales de la pièce | M81: =M72 -> 27.446599 | Y81: / | Z81: =Données!J78 -> 0 | AA81: / | AB81: =AA$23-Z81 -> 0
Y82: / | Z82: =Données!J106 -> 0 | AB82: =AA$23-Z82 -> 0
Y83: / | Z83: =Données!J84 -> 0 | AB83: =AA$23-Z83 -> 0
Y84: / | Z84: =Données!J99 -> 0 | AA84: / | AB84: =AA$23-Z84 -> 0
S85: Déperditions de base par transmission avec les pièces adjacentes | AB85: =AB67*AA74 -> 1.5755316
S86: Déperditions totales de la pièce | AB86: =AB75+AB85 -> #REF!

Sheet Escalier (1)
B3: Déperdition vers l'exterieur
B4: Code | C4: Paroi | G4: Ak | H4: Uk | I4: ek | J4: Ak.Uk.ek
G5: m2 | H5: W/(m²*K) | I5: - | J5: W/K
B6: a | C6: Mur | G6: =3.8*3.94 -> 14.972 | H6: =Parois!L13 -> 0.31196949 | I6: 0 | J6: =G6*H6*I6 -> 0 | O6: Apport vers l'exterieur
J7: =SUM(J6:J6) -> 0 | O7: Code | P7: Paroi | T7: Ak | U7: Uk | V7: ek | W7: Ak.Uk.ek
B8: Code | C8: Ponts thermiques | G8: Ψk | H8: lk | I8: ek | J8: Ψk.Ik.Ek | T8: m2 | U8: W/(m²*K) | V8: - | W8: W/K
G9: W/(m.K) | H9: m | I9: - | J9: W/K | O9: N | P9: Mur | T9: =3.8*3.94 -> 14.972 | U9: =Parois!L13 -> 0.31196949 | V9: 1 | W9: =T9*U9*V9 -> 4.6708071
C10: /
B11: Total des ponts thermiques ΣkΨk.lk.ek W/K | J11: =0 -> 0 | O11: Code | P11: Ponts thermiques | T11: Ψk | U11: lk | V11: ek | W11: Ψk.Ik.Ek
B12: Coefficients total de déperditions directe vers l'extérieur | H12: HT,ie | T12: W/(m.K) | U12: m | V12: - | W12: W/K
B13: Déperdition à travers espaces non-chauffés | P13: /
B14: Code | C14: Paroi | G14: Ak | H14: Uk | I14: bu | J14: Ak.Uk.bu | O14: Total des ponts thermiques ΣkΨk.lk.ek W/K | W14: 0
G15: m2 | H15: W/(m²*K) | I15: - | J15: W/K | O15: Coefficients total de déperditions directe vers l'extérieur | U15: HT,ie
G16: / | H16: / | I16: / | O16: Apport à travers espaces non-chauffés
C17: / | G17: / | H17: / | I17: / | O17: Code | P17: Paroi | T17: Ak | U17: Uk | V17: bu | W17: Ak.Uk.bu
B18: Total des parois | J18: =J17+J16 -> 0 | T18: m2 | U18: W/(m²*K) | V18: - | W18: W/K
B19: Code | C19: Ponts thermiques | G19: Ψk | H19: lk | I19: bu | J19: Ψk.Ik.bu | P19: Couloir | U19: 2.642 | V19: 0 | W19: 0
G20: W/(m.K) | H20: m | I20: - | J20: W/K | P20: Portes vers couloir | U20: 2.5 | V20: 0 | W20: 0
C21: / | O21: Total des parois | W21: 0
B22: Coefficients total de déperditions directe à travers espaces non chauffées (H iue) | O22: Code | P22: Ponts thermiques | T22: Ψk | U22: lk | V22: bu | W22: Ψk.Ik.bu
B23: Déperditions directes par le sol | T23: W/(m.K) | U23: m | V23: - | W23: W/K
B24: Code | C24: Paroi | G24: Ak | H24: Uk | I24: ek | J24: Ak.Uk.ek | P24: /
G25: m2 | H25: W/(m²*K) | I25: - | J25: W/K | O25: Coefficients total de déperditions directe à travers espaces non chauffées (H iue)
O26: Apport directes par le sol
B27: Coefficients total de déperditions directe à travers le sol | H27: Ht,ig | O27: Code | P27: Paroi | T27: Ak | U27: Uk | V27: ek | W27: Ak.Uk.ek
B28: Déperditions vers des espaces chauffés à des températures différentes | T28: m2 | U28: W/(m²*K) | V28: - | W28: W/K
B29: Code | C29: Paroi | G29: fij | H29: Ak | I29: Uk | J29: fij.Ak.Uk
G30: - | H30: m2 | I30: W/(m²*K) | J30: W/K | O30: Coefficients total de déperditions directe à travers le sol | U30: Ht,ig
C31: Salle de réunion | G31: =0 -> 0 | H31: =0 -> 0 | I31: =Parois!L28 -> 2.6423919 | J31: =G31*H31*I31 -> 0 | O31: Apport vers des espaces chauffés à des températures différentes
C32: Bureau | G32: =0 -> 0 | H32: =0 -> 0 | I32: =Parois!L28 -> 2.6423919 | J32: =G32*H32*I32 -> 0 | O32: Code | P32: Paroi | T32: fij | U32: Ak | V32: Uk | W32: fij.Ak.Uk
B33: Coefficient total de déperditions vers des espaces chauffés à des températures différentes | I33: HT,ij | J33: =SUM(J31:J32) -> 0 | T33: - | U33: m2 | V33: W/(m²*K) | W33: W/K
B34: Coefficient total de déperditions par transmission | G34: HT,l = Ht,ie+HT,lue+HT,lg+HT,ij W/K | P34: kitchennette | T34: =X46/W41 -> 0.14285714 | U34: =(3.74+0.15)*3.945 -> 15.34605 | V34: =Parois!L$28 -> 2.6423919 | W34: =T34*U34*V34 -> 5.7928969
B35: Données de température de base | P35: Bureau | T35: =X47/W41 -> -0.14285714 | U35: =(3.74+0.15)*3.945 -> 15.34605 | V35: =Parois!L$28 -> 2.6423919 | W35: =T35*U35*V35 -> -5.7928969
B36: Température extérieure de base | H36: θe | I36: °C | J36: -8 | O36: Coefficient total de déperditions vers des espaces chauffés à des températures différentes | W36: HT,ij | X36: =W34 -> 5.7928969
B37: Température intérieure de base | H37: θint,l | I37: °C | J37: =Données!G46 -> 16 | O37: Coefficient total de déperditions par transmission | T37: HT,l = Ht,ie+HT,lue+HT,lg+HT,ij W/K
B38: Ecart de température de base | H38: θint,l - θe | I38: °C | J38: =J37-J36 -> 24 | O38: Données de température de base
B39: Déperditions de base par transmission avec l'extérieur 𝚽T,i=HT,i.(θint,i-θe) | K39: =J38*J7 -> 0 | L39: [W] | O39: Température extérieure de base | U39: θe | V39: °C | W39: 32
B40: Données de température de pièces adjacentes | O40: Température intérieure de base | U40: θint,l | V40: °C | W40: 25
B41: Nom de pièce | H41: T hiver | I41: T été | J41: ΔT hiver | K41: ΔT été | O41: Ecart de température de base | U41: θint,l - θe | V41: °C | W41: =W39-W40 -> 7
B42: Couloir | H42: =Données!#REF! -> #REF! | I42: =Données!#REF! -> #REF! | K42: =$J$38-I42 -> #REF! | O42: Déperditions de base par transmission avec l'extérieur 𝚽T,i=HT,i.(θint,i-θe) | X42: 0 | Y42: [W]
B43: Salle de réunion | H43: =Données!E23 -> 22 | I43: =Données!F23 -> 26 | K43: =$J$38-I43 -> -2 | O43: Données de température de pièces adjacentes
B44: Bureau | H44: =Données!E24 -> 22 | I44: =Données!F24 -> 26 | K44: =$J$38-H44 -> 2 | O44: Nom de pièce | U44: T hiver | V44: T été | W44: ΔT hiver | X44: ΔT été
B45: Déperditions de base par transmission avec les pièces adjacentes | K45: =J42*J18+J43*J31+J44*J32 -> 0 | L45: [W] | O45: Couloir | U45: / | V45: 25 | W45: / | X45: =W$40-V45 -> 0
B46: Déperditions totales de la pièce | K46: =K39+K45 -> 0 | L46: [W] | O46: kitchenette | U46: / | V46: 24 | W46: / | X46: =W$40-V46 -> 1
O47: Bureau | U47: / | V47: 26 | W47: / | X47: =W$40-V47 -> -1
O48: Déperditions de base par transmission avec les pièces adjacentes | X48: =X36*W41 -> 40.550279 | Y48: [W]
O49: Déperditions totales de la pièce | X49: =X48+X42 -> 40.550279 | Y49: [W]
C57: =Données!E63 -> 11442.942

Sheet Trappe (2)
C4: Déperdition vers l'exterieur
C5: Code | D5: Paroi | H5: Ak | I5: Uk | J5: ek | K5: Ak.Uk.ek
H6: m2 | I6: W/(m²*K) | J6: - | K6: W/K
D7: / | H7: / | I7: / | J7: / | K7: / | P7: TRAPPE BEN | Q7: Déperdition vers l'exterieur
K8: =SUM(K7:K7) -> 0 | Q8: Code | R8: Paroi | V8: Ak | W8: Uk | X8: ek | Y8: Ak.Uk.ek
C9: Code | D9: Ponts thermiques | H9: Ψk | I9: lk | J9: ek | K9: Ψk.Ik.Ek | V9: m2 | W9: W/(m²*K) | X9: - | Y9: W/K
H10: W/(m.K) | I10: m | J10: - | K10: W/K | Q10: b | R10: mur | V10: =5*3.94 -> 19.7 | W10: =Parois!L13 -> 0.31196949 | X10: 1 | Y10: =V10*W10*X10 -> 6.1457989
D11: / | Y11: =0 -> 0
C12: Total des ponts thermiques ΣkΨk.lk.ek W/K | K12: =0 -> 0 | Q12: Code | R12: Ponts thermiques | V12: Ψk | W12: lk | X12: ek | Y12: Ψk.Ik.Ek
C13: Coefficients total de déperditions directe vers l'extérieur | I13: HT,ie | V13: W/(m.K) | W13: m | X13: - | Y13: W/K
C14: Déperdition à travers espaces non-chauffés | R14: /
C15: Code | D15: Paroi | H15: Ak | I15: Uk | J15: bu | K15: Ak.Uk.bu | Q15: Total des ponts thermiques ΣkΨk.lk.ek W/K | Y15: =0 -> 0
H16: m2 | I16: W/(m²*K) | J16: - | K16: W/K | Q16: Coefficients total de déperditions directe vers l'extérieur | W16: HT,ie
D17: Couloir | H17: = | I17: = | J17: 1 | K17: 0 | Q17: Déperdition à travers espaces non-chauffés
D18: Coffre-fort | H18: = | I18: = | J18: 1 | K18: =0 -> 0 | Q18: Code | R18: Paroi | V18: Ak | W18: Uk | X18: bu | Y18: Ak.Uk.bu
C19: Total des parois | K19: =K18+K17 -> 0 | V19: m2 | W19: W/(m²*K) | X19: - | Y19: W/K
C20: Code | D20: Ponts thermiques | H20: Ψk | I20: lk | J20: bu | K20: Ψk.Ik.bu | R20: Couloir | V20: =3.7*(1.975+3.025) -> 18.5 | W20: =Parois!AD68 -> 0 | X20: 0
H21: W/(m.K) | I21: m | J21: - | K21: W/K | R21: Coffre-fort | V21: =2.875*3.7 -> 10.6375 | W21: =Parois!AD75 -> 0 | X21: 0 | Y21: =V21*W21*X21 -> 0
D22: / | H22: / | I22: / | J22: / | K22: / | Q22: Total des parois | Y22: =Y21+Y20 -> 0
C23: Coefficients total de déperditions directe à travers espaces non chauffées (H iue) | Q23: Code | R23: Ponts thermiques | V23: Ψk | W23: lk | X23: bu | Y23: Ψk.Ik.bu
C24: Déperditions directes par le sol | V24: W/(m.K) | W24: m | X24: - | Y24: W/K
C25: Code | D25: Paroi | H25: Ak | I25: Uk | J25: ek | K25: Ak.Uk.ek | R25: / | V25: / | W25: / | X25: / | Y25: /
H26: m2 | I26: W/(m²*K) | J26: - | K26: W/K | Q26: Coefficients total de déperditions directe à travers espaces non chauffées (H iue)
D27: sol | H27: =(3.49+3.025+3.6+3.025) -> 13.14 | I27: =0 -> 0 | J27: 1 | K27: =H27*I27*J27 -> 0 | Q27: Déperditions directes par le sol
C28: Coefficients total de déperditions directe à travers le sol | I28: Ht,ig | Q28: Code | R28: Paroi | V28: Ak | W28: Uk | X28: ek | Y28: Ak.Uk.ek
C29: Déperditions vers des espaces chauffés à des températures différentes | V29: m2 | W29: W/(m²*K) | X29: - | Y29: W/K
C30: Code | D30: Paroi | H30: fij | I30: Ak | J30: Uk | K30: fij.Ak.Uk
H31: - | I31: m2 | J31: W/(m²*K) | K31: W/K | Q31: Coefficients total de déperditions directe à travers le sol | W31: Ht,ig
D32: Salle d'attente | H32: = | I32: = | J32: =K3 -> 0 | K32: =0 -> 0 | Q32: Déperditions vers des espaces chauffés à des températures différentes
C33: Coefficient total de déperditions vers des espaces chauffés à des températures différentes | K33: HT,ij | Q33: Code | R33: Paroi | V33: fij | W33: Ak | X33: Uk | Y33: fij.Ak.Uk
C34: Coefficient total de déperditions par transmission | H34: HT,l = Ht,ie+HT,lue+HT,lg+HT,ij W/K | K34: =K27 -> 0 | V34: - | W34: m2 | X34: W/(m²*K) | Y34: W/K
C35: Données de température de base | Q35: a | R35: bureau 2 | V35: 0 | W35: =5*3.94 -> 19.7 | X35: =Parois!L28 -> 2.6423919 | Y35: =0 -> 0
C36: Température extérieure de base | I36: θe | J36: °C | K36: -8 | Q36: c | R36: bureau 1 | V36: 0 | W36: =5*3.94 -> 19.7 | X36: =Parois!L28 -> 2.6423919 | Y36: =0 -> 0
C37: Température intérieure de base | I37: θint,l | J37: °C | K37: =16 -> 16 | Q37: d | R37: couloir | V37: =0 -> 0 | W37: =0.7*3.94 -> 2.758 | X37: =Parois!L28 -> 2.6423919 | Y37: =V37*W37*X37 -> 0
C38: Ecart de température de base | I38: θint,l - θe | J38: °C | K38: =K37-K36 -> 24 | Q38: Coefficient total de déperditions vers des espaces chauffés à des températures différentes | Y38: HT,ij
C39: Déperditions de base par transmission avec l'extérieur 𝚽T,i=HT,i.(θint,i-θe) | L39: =K34*K38 -> 0 | M39: [W] | Q39: Coefficient total de déperditions par transmission | V39: HT,l = Ht,ie+HT,lue+HT,lg+HT,ij W/K
C40: Données de température de pièces adjacentes | Q40: Données de température de base
C41: Nom de pièce | I41: T hiver | J41: T été | K41: ΔT hiver | L41: ΔT été | Q41: Température extérieure de base | W41: θe | X41: °C | Y41: -10
C42: Couloir | I42: =Données!#REF! -> #REF! | J42: / | L42: =$K$37-J42 -> #VALUE! | Q42: Température intérieure de base | W42: θint,l | X42: °C | Y42: =Données!Y77 -> 0
C43: Coffre-fort | I43: =Données!G35 -> 12.27 | J43: / | K43: =$K$37-I43 -> 3.73 | L43: =$K$37-J43 -> #VALUE! | Q43: Ecart de température de base | W43: θint,l - θe | X43: °C | Y43: =Y42-Y41 -> 10
C44: Salle d'attente | I44: =Données!E25 -> 20 | J44: =Données!F25 -> 26 | L44: =$K$37-J44 -> -10 | Q44: Déperditions de base par transmission avec l'extérieur 𝚽T,i=HT,i.(θint,i-θe) | Z44: =Y43*Y11 -> 0 | AA44: [W]
C45: Déperditions de base par transmission avec les pièces adjacentes | L45: =K42*K17+K43*K18+K44*K32 -> 0 | M45: [W] | Q45: Données de température de pièces adjacentes
C46: Déperditions totales de la pièce | L46: =L39+L45 -> 0 | M46: [W] | Q46: Nom de pièce | W46: T hiver | X46: T été | Y46: ΔT hiver | Z46: ΔT été
Q47: Couloir | W47: =Données!Y76 -> 0 | X47: / | Z47: =$K$37-X47 -> #VALUE!
Q48: Coffre-fort | W48: =Données!Y75 -> 0 | X48: / | Y48: =$K$37-W48 -> 16 | Z48: =$K$37-X48 -> #VALUE!
Q49: Salle d'attente | W49: =Données!W66 -> 0 | X49: =Données!X66 -> 0 | Z49: =$K$37-X49 -> 16
Q50: Déperditions de base par transmission avec les pièces adjacentes | Z50: =Y47*Y20+Y48*Y21+Y49*Y37 -> 0 | AA50: [W]
Q51: Déperditions totales de la pièce | Z51: =Z44+Z50 -> 0 | AA51: [W]
T57: TREMIE
C58: TRAPPE
D61: Apport vers des espaces chauffés à des températures différentes | T61: Apport vers des espaces chauffés à des températures différentes
D62: Code | E62: Paroi | I62: fij | J62: Ak | K62: Uk | L62: fij.Ak.Uk | T62: Code | U62: Paroi | Y62: fij | Z62: Ak | AA62: Uk | AB62: fij.Ak.Uk
I63: - | J63: m2 | K63: W/(m²*K) | L63: W/K | Y63: - | Z63: m2 | AA63: W/(m²*K) | AB63: W/K
E64: Couloir | I64: =M76/L72 -> -0.41666667 | J64: =(3.025+0.25+0.075+0.75+0.15)*3.945 -> 16.76625 | K64: =Parois!L$28 -> 2.6423919 | L64: =PRODUCT(I64:K64) -> -18.459585 | U64: bureau 4 | Y64: =AC78/AB72 -> -0.5 | Z64: =(4.6+0.15)*3.945 -> 18.73875 | AA64: =Parois!L$65 -> 2.9148685 | AB64: =PRODUCT(Y64:AA64) -> -27.310496
E65: Coffre fort | I65: =M77/L72 -> -0.5 | J65: =(2.875+0.15)*3.945 -> 11.933625 | K65: =Parois!L35 -> 1.7703178 | L65: =PRODUCT(I65:K65) -> -10.563154 | U65: bureau 5 | Y65: =AC78/AB72 -> -0.5 | Z65: =(4.25+0.075)*3.945 -> 17.062125 | AA65: =Parois!L$65 -> 2.9148685 | AB65: =PRODUCT(Y65:AA65) -> -24.866925
E66: Salle d'attente | I66: =M78/L72 -> -0.5 | J66: =(3.025+0.25+1.975+0.15)*3.945 -> 21.303 | K66: =Parois!L$28 -> 2.6423919 | L66: =PRODUCT(I66:K66) -> -28.145438 | U66: couloir | Y66: =AC76/AB72 -> -0.41666667 | Z66: =0.85*3.945 -> 3.35325 | AA66: =Parois!L$65 -> 2.9148685 | AB66: =PRODUCT(Y66:AA66) -> -4.0726178
D67: Coefficient total de déperditions vers des espaces chauffés à des températures différentes | L67: HT,ij | T67: Coefficient total de déperditions vers des espaces chauffés à des températures différentes | AB67: HT,ij
D68: Coefficient total de déperditions par transmission | I68: HT,l = Ht,ie+HT,lue+HT,lg+HT,ij W/K | T68: Coefficient total de déperditions par transmission | Y68: HT,l = Ht,ie+HT,lue+HT,lg+HT,ij W/K
D69: Données de température de base | T69: Données de température de base
D70: Température extérieure de base | J70: θe | K70: °C | L70: 32 | T70: Température extérieure de base | Z70: θe | AA70: °C | AB70: 32
D71: Température intérieure de base | J71: θint,l | K71: °C | L71: 20 | T71: Température intérieure de base | Z71: θint,l | AA71: °C | AB71: 20
D72: Ecart de température de base | J72: θint,l - θe | K72: °C | L72: =L70-L71 -> 12 | N72: [W] | T72: Ecart de température de base | Z72: θint,l - θe | AA72: °C | AB72: =AB70-AB71 -> 12 | AD72: [W]
D73: Déperditions de base par transmission avec l'extérieur 𝚽T,i=HT,i.(θint,i-θe) | M73: =L72*#REF! -> #REF! | T73: Déperditions de base par transmission avec l'extérieur 𝚽T,i=HT,i.(θint,i-θe) | AC73: =AB72*#REF! -> #REF!
D74: Données de température de pièces adjacentes | T74: Données de température de pièces adjacentes
D75: Nom de pièce | J75: T hiver | K75: T été | L75: ΔT hiver | M75: ΔT été | T75: Nom de pièce | Z75: T hiver | AA75: T été | AB75: ΔT hiver | AC75: ΔT été
D76: Couloir | J76: / | K76: 25 | L76: / | M76: =L$71-K76 -> -5 | T76: Couloir | Z76: / | AA76: 25 | AB76: / | AC76: =AB$71-AA76 -> -5
D77: Coffre-fort | J77: / | K77: 26 | L77: / | M77: =L$71-K77 -> -6 | T77: Coffre-fort | Z77: / | AA77: 26 | AB77: / | AC77: =AB$71-AA77 -> -6
D78: Salle d'attente | J78: / | K78: 26 | L78: / | M78: =L$71-K78 -> -6 | N78: [W] | T78: Bureau | Z78: / | AA78: 26 | AB78: / | AC78: =AB$71-AA78 -> -6 | AD78: [W]
D79: Déperditions de base par transmission avec les pièces adjacentes | M79: =L64*M76+L66*M78 -> 261.17055 | N79: [W] | T79: Déperditions de base par transmission avec les pièces adjacentes | AC79: =AB64*AC76+AB66*AC78 -> 160.98819 | AD79: [W]
D80: Déperditions totales de la pièce | M80: =M67*L72 -> 0 | T80: Déperditions totales de la pièce | AC80: =AB72*AC67 -> 0

Sheet Coffre-fort (1)
B2: Coffre-fort
C3: Déperdition à travers espaces chauffés
C4: Code | D4: Paroi | H4: Ak | I4: Uk | J4: fij | K4: Ht ij
H5: m2 | I5: W/(m²*K) | J5: - | K5: W/K
C6: a | D6: kitchenette et couloir | H6: =(6.9+0.5)*3.94 -> 29.156 | I6: =Parois!L35 -> 1.7703178 | J6: =0 -> 0 | K6: =H6*I6*J6 -> 0 | N6: aucun mur mittoyen avec l'exterieur
C7: b | D7: couloir | H7: =(4.4+0.75)*3.94 -> 20.291 | I7: =Parois!L35 -> 1.7703178 | J7: =0 -> 0 | K7: =H7*I7*J7 -> 0
C9: d | D9: salle d'attente | H9: =(4.37+0.25)*3.94 -> 18.2028 | I9: =Parois!L35 -> 1.7703178 | J9: =0 -> 0 | K9: =H9*J9*I9 -> 0
C10: e | D10: salle d'attente | H10: =(4.4+0.5)*3.94 -> 19.306 | I10: =Parois!L35 -> 1.7703178 | J10: =0 -> 0 | K10: =H11*J11*I11 -> 0
C11: f | D11: porte blindée | H11: =2 -> 2 | I11: 0.5 | J11: =0 -> 0
D12: sol | H12: =((7.9-0.5)*4.9)+(0.25*3.175) -> 37.05375 | I12: =Parois!M99 -> 0.37721962 | J12: =(16-10)/(16--8) -> 0.25 | K12: =H12*I12*J12 -> 3.4943504
C13: Coefficients total de déperditions directe à travers espaces non chauffées (H iue) | L13: =K6+K7+K8+K9+K10+K11+K12 -> 3.4943504
C14: Déperditions vers des espaces non-chauffés à des températures différentes
C15: Code | D15: Paroi | H15: Bu | I15: Ak | J15: Uk | K15: HT
I16: m2 | J16: W/(m²*K) | K16: W/K
C17: c | D17: trémis | H17: =0 -> 0 | I17: =(2.875)*3.78 -> 10.8675 | J17: =Parois!L35 -> 1.7703178 | K17: =H17*I17*J17 -> 0 | N17: logique car je suis dans une non chauféé et dans ce cas en face c'est que y'as pas de deperdition car je suis dans un espace ou mes mures mittoyen sont a plus haute température
C18: Coefficient total de déperditions vers des espaces chauffés à des températures différentes | K18: HT,ij
C19: Coefficient total de déperditions par transmission | G19: HT,l = Ht,ie+HT,lue+HT,lg+HT,ij W/K
C20: Données de température | L20: =#REF!+K17 -> #REF!
C21: Température extérieure de base | I21: θe | J21: °C | K21: =Données!G11 -> -8 | L21: z
C22: Température intérieure de base | I22: θint,l | J22: °C | K22: =Données!G45 -> 16
C23: Ecart de température de base | I23: θint,l - θe | J23: °C | K23: =K22-K21 -> 24
C24: Déperditions de base par transmission 𝚽T,i=HT,i.(θint,i-θe) W | L24: =L13*K23 -> 83.864409
C25: Données de température de pièces adjacentes
C26: Nom de pièce | I26: T hiver | J26: T été | K26: ΔT hiver
I27: =Données!G44 -> [°C] | J27: / | K27: =K22-I27 -> #VALUE! | N27: ON EST AU 1 ER DONC PAS DE DEPERDITION DIRECT PAR LE SOL
C28: 3.Salle de réunion | I28: =Données!E23 -> 22 | J28: / | L28: ΔT été
C29: 10.Couloir | I29: =Données!E33 -> 18 | J29: / | L29: /
C30: 15.Trappe | I30: =Données!G36 -> 23.0805 | J30: / | L30: /
C31: 7.Salle d'attente | I31: =Données!E25 -> 20 | J31: / | L31: /
C32: Sous sol | I32: =Données!E31 -> 20 | J32: / | L32: / | N32: mittoyen avec tremis donc meme temperature donc pas de déperdition
L33: /
L34: /
D43: Apport depuis des espaces chauffés à des températures différentes
D44: Code | E44: Paroi | I44: fij | J44: Ak | K44: Uk | L44: fij.Ak.Uk
I45: - | J45: m2 | K45: W/(m²*K) | L45: W/K
E46: kitchenette et couloir | I46: =M66/L62 -> 0.33333333 | J46: =(6.9+0.5)*3.94 -> 29.156 | K46: =Parois!L$35 -> 1.7703178 | L46: =I46*J46*K46 -> 17.205128
E47: couloir | I47: =M67/L62 -> 0.16666667 | J47: =(4.4+0.75)*3.94-J50 -> 18.291 | K47: =Parois!L$35 -> 1.7703178 | L47: =I47*J47*K47 -> 5.3968138
E48: salle d'attente | I48: =M69/L62 -> 0 | J48: =(4.4+0.5)*3.94 -> 19.306 | K48: =Parois!L$35 -> 1.7703178 | L48: =I48*J48*K48 -> 0
E49: salle d'attente | I49: =M69/L62 -> 0 | J49: =(4.37+0.25)*3.94 -> 18.2028 | K49: =Parois!L$35 -> 1.7703178 | L49: =I49*J49*K49 -> 0
E50: porte blindée | I50: =M67/L62 -> 0.16666667 | J50: =2 -> 2 | K50: 1.5 | L50: =I50*J50*K50 -> 0.5
E51: trémis | I51: =M68/L62 -> 1 | J51: =(2.875)*3.78 -> 10.8675 | K51: =Parois!L35 -> 1.7703178 | L51: =I51*J51*K51 -> 19.238929
E52: sol | I52: =M70/L62 -> 1 | J52: =((7.9-0.5)*4.9)+(0.25*3.175) -> 37.05375 | K52: =Parois!M99 -> 0.37721962 | L52: =I52*J52*K52 -> 13.977402
D55: Coefficient total de déperditions vers des espaces chauffés à des températures différentes | L55: HT,ij | M55: =SUM(L46:L54) -> 56.318272
D56: Coefficient total de déperditions par transmission | I56: HT,l = Ht,ie+HT,lue+HT,lg+HT,ij W/K
D57: Données de température de base
D58: Température extérieure de base | J58: θe | K58: °C | L58: 32
D59: Température intérieure de base | J59: θint,l | K59: °C | L59: 26 | N59: [W]
D62: Ecart de température de base | J62: θint,l - θe | K62: °C | L62: =L58-L59 -> 6
D63: Déperditions de base par transmission avec l'extérieur 𝚽T,i=HT,i.(θint,i-θe) | M63: =L62*#REF! -> #REF!
D64: Données de température de pièces adjacentes
D65: Nom de pièce | J65: T hiver | K65: T été | L65: ΔT hiver | M65: ΔT été
D66: Salle de réunion | J66: / | K66: 24 | L66: / | M66: =L$59-K66 -> 2
D67: Couloir | J67: / | K67: 25 | L67: / | M67: =L$59-K67 -> 1 | N67: [W]
D68: Trappe | J68: / | K68: 20 | L68: / | M68: =L$59-K68 -> 6 | N68: [W]
D69: Salle d'attente | J69: / | K69: 26 | L69: / | M69: =L$59-K69 -> 0
D70: Sous sol | J70: / | K70: 20 | M70: =L$59-K70 -> 6
D71: Déperditions de base par transmission avec les pièces adjacentes | M71: =M55*L62 -> 337.90963
D72: Déperditions totales de la pièce | M72: =M63+M71 -> #REF!

Sheet Bureau (5)
A1: Bureau 5 by BEN
B2: Déperdition vers l'exterieur | Y2: SDR8 | Z2: Déperdition vers l'exterieur
B3: Code | C3: Paroi | G3: Ak | H3: Uk | I3: ek | J3: Ak.Uk.ek | Y3: by Anis | Z3: Code | AA3: Paroi | AE3: Ak | AF3: Uk | AG3: ek | AH3: Ak.Uk.ek
G4: m2 | H4: W/(m²*K) | I4: - | J4: W/K | AE4: m2 | AF4: W/(m²*K) | AG4: - | AH4: W/K
B5: a | C5: Mur | G5: =(4.21*3.94) -> 16.5874 | H5: =Parois!L13 -> 0.31196949 | I5: 1 | J5: =G5*H5*I5 -> 5.1747626 | Z5: N-E | AA5: Mur | AE5: =3.31*3.945-AE6 -> 10.67295 | AF5: =Parois!L13 -> 0.31196949 | AG5: 1 | AH5: =AE5*AF5*AG5 -> 3.3296347
C6: fenetre | G6: =SUM(Parois!AB10:AC10) -> 3.285 | H6: =Parois!AG9 -> 1.4056725 | I6: 1 | J6: =G6*H6*I6 -> 4.6176342 | Z6: E | AA6: Fenêtre | AE6: =Parois!AB8+Parois!AC8 -> 2.385 | AF6: =Parois!AG8 -> 1.4491929 | AG6: 1 | AH6: =AE6*AF6*AG6 -> 3.456325
Z7: Coin | AA7: Vitrage | AE7: =Parois!AB16+Parois!AC16 -> 3.762 | AF7: =Parois!AG16 -> 1.5205491 | AG7: =1 -> 1 | AH7: =AE7*AF7*AG7 -> 5.7203056
J8: =J5+J7+J6 -> 9.7923968 | Z8: S | AA8: Vitrage | AE8: =(Parois!AB17+Parois!AC17)*5 -> 27 | AF8: =Parois!AG17 -> 1.3541479 | AG8: 1 | AH8: =AE8*AF8*AG8 -> 36.561992
B9: Code | C9: Ponts thermiques | G9: Ψk | H9: lk | I9: ek | J9: Ψk.Ik.Ek | AH9: =AH5+AH6+AH7+AH8 -> 49.068257
G10: W/(m.K) | H10: m | I10: - | J10: W/K | Z10: Total des ponts thermiques ΣkΨk.lk.ek W/K
Z11: Coefficients total de déperditions directe vers l'extérieur | AF11: HT,ie
B12: Total des ponts thermiques ΣkΨk.lk.ek W/K | J12: =J11 -> 0 | Z12: Déperdition à travers espaces non-chauffés
B13: Coefficients total de déperditions directe vers l'extérieur | H13: HT,ie | K13: =J8+J12 -> 9.7923968 | Z13: Code | AA13: Paroi | AE13: Ak | AF13: Uk | AG13: bu | AH13: Ak.Uk.bu | AI13: =AH15 -> 6.7906453
B14: Déperdition à travers espaces non chauffés | AE14: m2 | AF14: W/(m²*K) | AG14: - | AH14: W/K
B15: Code | C15: Paroi | G15: Ak | H15: Uk | I15: bu | J15: Ak.Uk.bu | AA15: Vers mini hall/approv | AE15: =4.56*3.945 -> 17.9892 | AF15: =Parois!L28 -> 2.6423919 | AG15: =($AH$39-AF44)/$AH$40 -> 0.14285714 | AH15: =AE15*AF15*AG15 -> 6.7906453
AV16: SDR8 | AW16: Apport depuis des espaces chauffés à des températures différentes
Z17: Total des parois | AW17: Code | AX17: Paroi | BB17: fij | BC17: Ak | BD17: Uk | BE17: fij.Ak.Uk
G18: m2 | H18: W/(m²*K) | I18: - | J18: W/K | Z18: Code | AA18: Ponts thermiques | AE18: Ψk | AF18: lk | AG18: bu | AH18: Ψk.Ik.bu | BB18: - | BC18: m2 | BD18: W/(m²*K) | BE18: W/K
B19: d | C19: Vers tremis | G19: =5*3.94 -> 19.7 | H19: =Parois!L28 -> 2.6423919 | I19: =(22-16)/(22--8) -> 0.2 | J19: =G19*H19*I19 -> 10.411024 | AE19: W/(m.K) | AF19: m | AG19: - | AH19: W/K | AX19: sol | BB19: =(BE30-BD37)/BE33 -> 0.5 | BC19: =(5.35+2.075)*3.7 -> 27.4725 | BD19: =Parois!L49 -> 0.3993743 | BE19: =BB19*BC19*BD19 -> 5.4859052
C20: sol | G20: =4.045*5.04 -> 20.3868 | H20: =Parois!L49 -> 0.3993743 | I20: =(22-10)/(22--8) -> 0.4 | J20: =G20*H20*I20 -> 3.2567856 | AA20: / | AX20: Couloir | BB20: =(BE30-BD38)/BE33 -> -0.125 | BC20: =3.7*3.97-BC21 -> 13.0447 | BD20: =Parois!L42 -> 1.8115854 | BE20: =BB20*BC20*BD20 -> -2.9539485
G21: =0 -> 0 | H21: =0 -> 0 | I21: =0 -> 0 | J21: =G21*H21*I21 -> 0 | Z21: Coefficients total de déperditions directe à travers espaces non chauffées (H iue) | AX21: Portes vers couloir | BB21: =(BE30-BD38)/BE33 -> -0.125 | BC21: =0.81*2.03 -> 1.6443 | BD21: 2.5 | BE21: =BB21*BC21*BD21 -> -0.51384375
B22: Total des parois | J22: =J19+J20 -> 13.66781 | Z22: Déperditions directes par le sol | AX22: Bureau
B23: Code | C23: Ponts thermiques | G23: Ψk | H23: lk | I23: bu | J23: Ψk.Ik.bu | Z23: Code | AA23: Paroi | AE23: Ak | AF23: Uk | AG23: ek | AH23: Ak.Uk.ek
G24: W/(m.K) | H24: m | I24: - | J24: W/K | AE24: m2 | AF24: W/(m²*K) | AG24: - | AH24: W/K
C25: / | AA25: Aucune
B26: Coefficients total de déperditions directe à travers espaces non chauffées (H iue) | Z26: Coefficients total de déperditions directe à travers le sol | AF26: Ht,ig | AI26: =AH9+AI13 -> 55.858903 | AW26: Coefficient total de déperditions vers des espaces chauffés à des températures différentes | BE26: HT,ij
B27: Déperditions directes par le sol | Z27: Déperditions vers des espaces chauffés à des températures différentes | AW27: Coefficient total de déperditions par transmission | BB27: HT,l = Ht,ie+HT,lue+HT,lg+HT,ij W/K | BF27: =BE19 -> 5.4859052
B28: Code | C28: Paroi | G28: Ak | H28: Uk | I28: ek | J28: Ak.Uk.ek | AW28: Données de température de base
G29: m2 | H29: W/(m²*K) | I29: - | J29: W/K | AW29: Température extérieure de base | BC29: θe | BD29: °C | BE29: =32 -> 32
Z30: Code | AA30: Paroi | AE30: fij | AF30: Ak | AG30: Uk | AH30: fij.Ak.Uk | AW30: Température intérieure de base | BC30: θint,l | BD30: °C | BE30: 24
B31: Coefficients total de déperditions directe à travers le sol | H31: Ht,ig | AE31: - | AF31: m2 | AG31: W/(m²*K) | AH31: W/K
B32: Déperditions vers des espaces chauffés à des températures différentes | AA32: Sol | AE32: =ABS(($AH$39-AF45)/$AH$40) -> 0.35714286 | AF32: =4.505*8.04 -> 36.2202 | AG32: =Parois!L49 -> 0.3993743 | AH32: =AE32*AF32*AG32 -> 5.1662204 | BG32: [W]
B33: Code | C33: Paroi | G33: fij | H33: Ak | I33: Uk | J33: fij.Ak.Uk | AA33: Couloir | AE33: =ABS(($AH$39-AF46)/$AH$40) -> 0.071428571 | AF33: =3.075*3.945 -> 12.130875 | AG33: =Parois!L42 -> 1.8115854 | AH33: =AE33*AF33*AG33 -> 1.5697226 | AW33: Ecart de température de base | BC33: θint,l - θe | BD33: °C | BE33: =BE29-BE30 -> 8
G34: - | H34: m2 | I34: W/(m²*K) | J34: W/K | AA34: porte vers couloir | AE34: =ABS(($AH$39-AF46)/$AH$40) -> 0.071428571 | AF34: =0.81*2.03 -> 1.6443 | AG34: =2.5 -> 2.5 | AH34: =AE34*AF34*AG34 -> 0.293625 | AW34: Déperditions de base par transmission avec l'extérieur 𝚽T,i=HT,i.(θint,i-θe) | BF34: =BE33*#REF! -> #REF!
B35: c | C35: couloir | G35: =G37 -> 0.13333333 | H35: =(3.87+0.075+0.005)*3.94 -> 15.563 | I35: =Parois!L42 -> 1.8115854 | J35: =G35*H35*I35 -> 3.7591604 | Z35: Coefficient total de déperditions vers des espaces chauffés à des températures différentes | AH35: HT,ij | AI35: =AH32+AH33+AH34 -> 7.0295679 | AW35: Données de température de pièces adjacentes
B36: b | C36: bureau | G36: =(22-22)/(22--8) -> 0 | H36: =5.01*3.94 -> 19.7394 | I36: =Parois!L42 -> 1.8115854 | J36: =G36*H36*I36 -> 0 | Z36: Coefficient total de déperditions par transmission | AE36: HT,l = Ht,ie+HT,lue+HT,lg+HT,ij W/K | AW36: Nom de pièce | BC36: T hiver | BD36: T été | BE36: ΔT hiver | BF36: ΔT été
B37: c | C37: porte | G37: =(22-18)/(22--8) -> 0.13333333 | H37: =1.64 -> 1.64 | I37: =Parois!L72 -> 2.5 | J37: =G37*H37*I37 -> 0.54666667 | Z37: Données de température | AW37: sol | BC37: / | BD37: 20 | BE37: / | BF37: =BE29-BD37 -> 12
B38: Coefficient total de déperditions vers des espaces chauffés à des températures différentes | J38: =J35+J36+J37 -> 4.3058271 | Z38: Température extérieure de base | AF38: θe | AG38: °C | AH38: -8 | AW38: couloir | BC38: / | BD38: 25 | BE38: / | BF38: =BE29-BD38 -> 7
B39: Coefficient total de déperditions par transmission | G39: HT,l = Ht,ie+HT,lue+HT,lg+HT,ij W/K | K39: =K13+J22+J38 -> 27.766034 | Z39: Température intérieure de base | AF39: θint,l | AG39: °C | AH39: 20 | BC39: / | BD39: 0 | BE39: / | BF39: =BE29-BD39 -> 32
B40: Données de température | Z40: Ecart de température de base | AF40: θint,l - θe | AG40: °C | AH40: =AH39-AH38 -> 28 | BC40: / | BD40: 0 | BE40: / | BF40: =BE29-BD40 -> 32 | BG40: [W]
B41: Température extérieure de base | H41: θe | I41: °C | J41: -10 | Z41: Déperditions de base par transmission 𝚽T,i=HT,i.(θint,i-θe) | AI41: =AJ44*AH40 -> 1760.8772 | BC41: / | BD41: 0 | BE41: / | BF41: =BE29-BD41 -> 32 | BG41: [W]
B42: Température intérieure de base | H42: θint,l | I42: °C | J42: 22 | Z42: Données de température de pièces adjacentes | AW42: Déperditions de base par transmission avec les pièces adjacentes
B43: Ecart de température de base | H43: θint,l - θe | I43: °C | J43: =J42-J41 -> 32 | Z43: Nom de pièce | AF43: T hiver | AG43: T été | AH43: ΔT hiver | AI43: ΔT été | AW43: Déperditions totales de la pièce | BF43: =BF27*BE33 -> 43.887242
B44: Déperditions de base par transmission 𝚽T,i=HT,i.(θint,i-θe) | K44: =K39*J43 -> 888.51308 | L44: [W] | Z44: MiniHall/approv | AF44: 16 | AG44: / | AH44: =$AH$39-AF44 -> 4 | AI44: =$AH$39-AG44 -> #VALUE! | AJ44: =AI26+AI35 -> 62.888471
B45: Données de température de pièces adjacentes | Z45: Sol | AF45: =Données!G58 -> 10 | AG45: =Données!G58 -> 10 | AH45: =$AH$39-AF45 -> 10 | AI45: =$AH$39-AG45 -> 10
B46: Nom de pièce | H46: T hiver | I46: T été | J46: ΔT hiver | K46: ΔT été | Z46: Couloir | AF46: 18 | AG46: 25 | AH46: =$AH$39-AF46 -> 2 | AI46: =$AH$39-AG46 -> -5
B47: Escalier | H47: =Données!G46 -> 16 | I47: / | J47: =$J$42-H47 -> 6 | K47: =$J$42-I47 -> #VALUE! | Z47: BR7 | AF47: 22 | AG47: 26
B48: Couloir | H48: =Données!#REF! -> #REF! | I48: / | J48: =$J$42-H48 -> #REF! | K48: =$J$42-I48 -> #VALUE! | Z48: Déperditions de base par transmission avec les pièces adjacentes | AI48: =AH44*AH17+AH45*AH32 -> 51.662204
B49: Sol | H49: =Données!E31 -> 20 | I49: =Données!F31 -> 20 | J49: =$J$42-H49 -> 2 | K49: =$J$42-I49 -> 2 | Z49: Déperditions totales de la pièce | AI49: =AI41 -> 1760.8772 | AJ49: [W] | AV49: BR5 | AW49: Apport depuis des espaces chauffés à des températures différentes
B50: Déperditions de base par transmission avec les pièces adjacentes | L50: [W] | AW50: Code | AX50: Paroi | BB50: fij | BC50: Ak | BD50: Uk | BE50: fij.Ak.Uk
B51: Déperditions totales de la pièce | K51: =K44 -> 888.51308 | L51: [W] | BB51: - | BC51: m2 | BD51: W/(m²*K) | BE51: W/K
Y52: Bureau 7 | Z52: Déperdition vers l'exterieur | AX52: sol | BB52: =(BE$63-BD70)/BE66 -> 1 | BC52: =4.045*5.04 -> 20.3868 | BD52: =Parois!L49 -> 0.3993743 | BE52: =BB52*BC52*BD52 -> 8.141964
A53: Bureau 6 BEN | Y53: by Anis | Z53: Code | AA53: Paroi | AE53: Ak | AF53: Uk | AG53: ek | AH53: Ak.Uk.ek | AX53: Couloir | BB53: =(BE$63-BD71)/BE66 -> 0.16666667 | BC53: =(3.87+0.075+0.005)*3.94 -> 15.563 | BD53: =Parois!L42 -> 1.8115854 | BE53: =BB53*BC53*BD53 -> 4.6989505
B54: Déperdition vers l'exterieur | AE54: m2 | AF54: W/(m²*K) | AG54: - | AH54: W/K | AX54: Portes vers couloir | BB54: =(BE63-BD72)/BE66 -> 1 | BC54: =1.64 -> 1.64 | BD54: =Parois!L28 -> 2.6423919 | BE54: =BB54*BC54*BD54 -> 4.3335228
B55: Code | C55: Paroi | G55: Ak | H55: Uk | I55: ek | J55: Ak.Uk.ek | Z55: E | AA55: Mur | AE55: =4*3.94-AE59-AE58 -> 12.79 | AF55: =Parois!L13 -> 0.31196949 | AG55: 1 | AH55: =AE55*AF55*AG55 -> 3.9900897 | AX55: Tremis
G56: m2 | H56: W/(m²*K) | I56: - | J56: W/K | AA56: Plafond | AE56: =AF89 -> 15.78 | AF56: =Parois!L59 -> 0.14630088 | AG56: 1 | AJ56: [W]
B57: d | C57: Mur | G57: =4*3.78-G59-G60 -> 9.18 | H57: =Parois!L13 -> 0.31196949 | I57: 1 | J57: =G57*H57*I57 -> 2.8638799 | AJ57: [W]
G58: = | H58: = | AA58: Fenêtre a | AE58: =SUM(Parois!AB13:AC13) -> 1.485 | AF58: =Parois!AE13 -> 2.0386478 | AG58: 1 | AH58: =AE58*AF58*AG58 -> 3.027392
C59: Fenêtre a | G59: =2*SUM(Parois!AB11:AC11) -> 4.77 | H59: =Parois!AG11 -> 1.4491929 | I59: 1 | J59: =G59*H59*I59 -> 6.9126499 | AA59: Fenêtre b | AE59: =SUM(Parois!AB14:AC14) -> 1.485 | AF59: =Parois!AE14 -> 2.0386478 | AG59: 1 | AH59: =AE59*AF59*AG59 -> 3.027392 | AW59: Coefficient total de déperditions vers des espaces chauffés à des températures différentes | BE59: HT,ij
C60: Fenêtre b | G60: =2*SUM(Parois!AB12:AC12) -> 1.17 | H60: =Parois!AG12 -> 1.7595079 | I60: 1 | J60: =G60*H60*I60 -> 2.0586243 | AH60: =SUM(AH55:AH59) -> 10.044874 | AW60: Coefficient total de déperditions par transmission | BB60: HT,l = Ht,ie+HT,lue+HT,lg+HT,ij W/K | BF60: =BE52+BE53+BE54 -> 17.174437
J61: =SUM(J57:J60) -> 11.835154 | Z61: Code | AA61: Ponts thermiques | AE61: Ψk | AF61: lk | AG61: ek | AH61: Ψk.Ik.Ek | AW61: Données de température de base
B62: Code | C62: Ponts thermiques | G62: Ψk | H62: lk | I62: ek | J62: Ψk.Ik.Ek | M62: BR6 | N62: Apport depuis des espaces chauffés à des températures différentes | AE62: W/(m.K) | AF62: m | AG62: =1 -> 1 | AH62: W/K | AW62: Température extérieure de base | BC62: θe | BD62: °C | BE62: =32 -> 32
G63: W/(m.K) | H63: m | I63: - | J63: W/K | N63: Code | O63: Paroi | S63: fij | T63: Ak | U63: Uk | V63: fij.Ak.Uk | AW63: Température intérieure de base | BC63: θint,l | BD63: °C | BE63: 26
S64: - | T64: m2 | U64: W/(m²*K) | V64: W/K
O65: sol | S65: =(V$76-U83)/V79 -> 1 | T65: =G71 -> 20.16 | U65: =H71 -> 0.3993743 | V65: =S65*T65*U65 -> 8.0513859 | Z65: Total des ponts thermiques ΣkΨk.lk.ek W/K | AH65: =AH63+AH64 -> 0 | BG65: [W]
B66: Total des ponts thermiques ΣkΨk.lk.ek W/K | J66: =0 -> 0 | O66: Couloir | S66: =(V76-U84)/V79 -> 0.16666667 | T66: =H87 -> 19.897 | U66: =I88 -> 1.8115854 | V66: =S66*T66*U66 -> 6.0075191 | Z66: Coefficients total de déperditions directe vers l'extérieur | AF66: HT,ie | AW66: Ecart de température de base | BC66: θint,l - θe | BD66: °C | BE66: =BE62-BE63 -> 6
B67: Coefficients total de déperditions directe vers l'extérieur | H67: HT,ie | K67: =J66+J61 -> 11.835154 | O67: Portes vers couloir | S67: =S66 -> 0.16666667 | T67: =1.64 -> 1.64 | U67: =I90 -> 2.5 | V67: =S67*T67*U67 -> 0.68333333 | Z67: Déperdition à travers espaces non-chauffés | AI67: =AH60+AH65 -> 10.044874 | AW67: Déperditions de base par transmission avec l'extérieur 𝚽T,i=HT,i.(θint,i-θe) | BF67: =BE66*#REF! -> #REF!
B68: Déperdition à travers espaces non-chauffés | Z68: Code | AA68: Paroi | AE68: Ak | AF68: Uk | AG68: bu | AH68: Ak.Uk.bu | AW68: Données de température de pièces adjacentes
B69: Code | C69: Paroi | G69: Ak | H69: Uk | I69: bu | J69: Ak.Uk.bu | AE69: m2 | AF69: W/(m²*K) | AG69: - | AH69: W/K | AW69: Nom de pièce | BC69: T hiver | BD69: T été | BE69: ΔT hiver | BF69: ΔT été
G70: m2 | H70: W/(m²*K) | I70: - | J70: W/K | AW70: sol | BC70: / | BD70: 20 | BE70: / | BF70: =BE62-BD70 -> 12
C71: sol | G71: =5.04*4 -> 20.16 | H71: =Parois!L49 -> 0.3993743 | I71: =(22-10)/(22--8) -> 0.4 | J71: =G71*H71*I71 -> 3.2205544 | AH71: =AE71*AF71*AG71 -> 0 | AW71: couloir | BC71: / | BD71: 25 | BE71: / | BF71: =BE62-BD71 -> 7
N72: Coefficient total de déperditions vers des espaces chauffés à des températures différentes | V72: HT,ij | Z72: Total des parois | AH72: =AH71+AH70 -> 0 | AW72: Tremis | BC72: / | BD72: 20 | BE72: / | BF72: =BE62-BD72 -> 12
C73: Portes vers couloir | G73: =0 -> 0 | H73: 0 | I73: =0 -> 0 | J73: =G73*H73*I73 -> 0 | N73: Coefficient total de déperditions par transmission | S73: HT,l = Ht,ie+HT,lue+HT,lg+HT,ij W/K | W73: =V65+V66+V67 -> 14.742238 | Z73: Code | AA73: Ponts thermiques | AE73: Ψk | AF73: lk | AG73: bu | AH73: Ψk.Ik.bu | BC73: / | BD73: 0 | BE73: / | BF73: =BE62-BD73 -> 32 | BG73: [W]
B74: Total des parois | J74: =J73+J71 -> 3.2205544 | N74: Données de température de base | AE74: W/(m.K) | AF74: m | AG74: - | AH74: W/K | BC74: / | BD74: 0 | BE74: / | BF74: =BE62-BD74 -> 32 | BG74: [W]
B75: Code | C75: Ponts thermiques | G75: Ψk | H75: lk | I75: bu | J75: Ψk.Ik.bu | N75: Température extérieure de base | T75: θe | U75: °C | V75: =32 -> 32 | AA75: / | AW75: Déperditions de base par transmission avec les pièces adjacentes
G76: W/(m.K) | H76: m | I76: - | J76: W/K | N76: Température intérieure de base | T76: θint,l | U76: °C | V76: 26 | Z76: Coefficients total de déperditions directe à travers espaces non chauffées (H iue) | AW76: Déperditions totales de la pièce | BF76: =BF60*BE66 -> 103.04662
C77: / | Z77: Déperditions directes par le sol
B78: Coefficients total de déperditions directe à travers espaces non chauffées (H iue) | K78: =J74 -> 3.2205544 | X78: [W] | Z78: Code | AA78: Paroi | AE78: Ak | AF78: Uk | AG78: ek | AH78: Ak.Uk.ek
B79: Déperditions directes par le sol | N79: Ecart de température de base | T79: θint,l - θe | U79: °C | V79: =V75-V76 -> 6
B80: Code | C80: Paroi | G80: Ak | H80: Uk | I80: ek | J80: Ak.Uk.ek | N80: Déperditions de base par transmission avec l'extérieur 𝚽T,i=HT,i.(θint,i-θe) | W80: =V79*#REF! -> #REF!
G81: m2 | H81: W/(m²*K) | I81: - | J81: W/K | N81: Données de température de pièces adjacentes | AE81: m2 | AF81: W/(m²*K) | AG81: - | AH81: W/K
N82: Nom de pièce | T82: T hiver | U82: T été | V82: ΔT hiver | W82: ΔT été
B83: Coefficients total de déperditions directe à travers le sol | H83: Ht,ig | N83: sol | T83: / | U83: 20 | V83: / | W83: =V75-U83 -> 12
B84: Déperditions vers des espaces chauffés à des températures différentes | N84: couloir | T84: / | U84: 25 | V84: / | W84: =V75-U84 -> 7 | Z84: Coefficients total de déperditions directe à travers le sol | AF84: Ht,ig | AX84: BR7 | AY84: Apport depuis des espaces chauffés à des températures différentes
B85: Code | C85: Paroi | G85: fij | H85: Ak | I85: Uk | J85: fij.Ak.Uk | T85: / | U85: 0 | V85: / | W85: =V75-U85 -> 32 | Z85: Déperditions vers des espaces chauffés à des températures différentes | AY85: Code | AZ85: Paroi | BD85: fij | BE85: Ak | BF85: Uk | BG85: fij.Ak.Uk
G86: - | H86: m2 | I86: W/(m²*K) | J86: W/K | T86: / | U86: 0 | V86: / | W86: =V75-U86 -> 32 | X86: [W] | Z86: Code | AA86: Paroi | AE86: fij | AF86: Ak | AG86: Uk | AH86: fij.Ak.Uk | BD86: - | BE86: m2 | BF86: W/(m²*K) | BG86: W/K
B87: a | C87: bureau | G87: =(22-22)/(22--8) -> 0 | H87: =5.05*3.94 -> 19.897 | I87: =Parois!L42 -> 1.8115854 | J87: =H87*G87*I87 -> 0 | T87: / | U87: 0 | V87: / | W87: =V75-U87 -> 32 | X87: [W] | AE87: - | AF87: m2 | AG87: W/(m²*K) | AH87: W/K | AZ87: Vers SDR 8 | BD87: =(BG$98-BF107)/BG$101 -> 0.33333333 | BE87: =AF88 -> 19.8828 | BF87: =AG88 -> 1.8115854 | BG87: =BD87*BE87*BF87 -> 12.006463
B88: b | C88: couloir | G88: =(22-18)/(22--8) -> 0.13333333 | H88: =4*3.94 -> 15.76 | I88: =Parois!L42 -> 1.8115854 | J88: =G88*H88*I88 -> 3.8067447 | N88: Déperditions de base par transmission avec les pièces adjacentes | AA88: vers SDR 8 | AE88: =ABS(($AH$95-AF100)/$AH$96) -> 0.066666667 | AF88: =5.04*3.945 -> 19.8828 | AG88: =Parois!L42 -> 1.8115854 | AH88: =AE88*AF88*AG88 -> 2.4012927 | AZ88: Couloir | BD88: =(BG$98-BF106)/BG$101 -> 0.16666667 | BE88: =AF89 -> 15.78 | BF88: =AG89 -> 1.8115854 | BG88: =BD88*BE88*BF88 -> 4.7644696
B89: c | C89: bureau | G89: =(22-22)/(22--8) -> 0 | H89: =5*3.94 -> 19.7 | I89: =Parois!L42 -> 1.8115854 | J89: =G89*H89*I89 -> 0 | N89: Déperditions totales de la pièce | W89: =W73*V79 -> 88.45343 | AA89: Vers couloir | AE89: =ABS(($AH$95-AF101)/$AH$96) -> 0.13333333 | AF89: =4*3.945 -> 15.78 | AG89: =Parois!L42 -> 1.8115854 | AH89: =AE89*AF89*AG89 -> 3.8115756 | AZ89: Portes vers couloir | BD89: =(BG$98-BF106)/BG$101 -> 0.16666667 | BE89: =AF91 -> 1.6443 | BF89: =AG91 -> 2.5 | BG89: =BD89*BE89*BF89 -> 0.685125
C90: porte vers couloirs | G90: =(22-18)/(22--8) -> 0.13333333 | H90: =1.64 -> 1.64 | I90: =2.5 -> 2.5 | J90: =G90*H90*I90 -> 0.54666667 | AA90: Vers sol | AE90: =ABS(($AH$95-AF102)/$AH$96) -> 0.066666667 | AF90: =36.0996 -> 36.0996 | AG90: =Parois!L49 -> 0.3993743 | AH90: =AE90*AF90*AG90 -> 0.96115017 | AZ90: sol | BD90: =(BG$98-BF105)/BG$101 -> 1 | BE90: =AF90 -> 36.0996 | BF90: =AG90 -> 0.3993743 | BG90: =BD90*BE90*BF90 -> 14.417252
B91: Coefficient total de déperditions vers des espaces chauffés à des températures différentes | J91: =+J87+J88+J89+J90 -> 4.3534114 | AA91: Porte vers couloir | AE91: =ABS(($AH$95-AF103)/$AH$96) -> 0.73333333 | AF91: =0.81*2.03 -> 1.6443 | AG91: =2.5 -> 2.5 | AH91: =AE91*AF91*AG91 -> 3.01455
B92: Coefficient total de déperditions par transmission | G92: HT,l = Ht,ie+HT,lue+HT,lg+HT,ij W/K | Z92: Coefficient total de déperditions vers des espaces chauffés à des températures différentes | AE92: HT,l = Ht,ie+HT,lue+HT,lg+HT,ij W/K | AI92: =AH88+AH89+AH90+AH91 -> 10.188568
B93: Données de température | Z93: Coefficient total de déperditions par transmission
B94: Température extérieure de base | H94: θe | I94: °C | J94: -8 | Z94: Données de température | AF94: θe | AG94: °C | AH94: -8 | AY94: Coefficient total de déperditions vers des espaces chauffés à des températures différentes | BG94: HT,ij
B95: Température intérieure de base | H95: θint,l | I95: °C | J95: 22 | Z95: Température extérieure de base | AF95: θint,l | AG95: °C | AH95: 22 | AY95: Coefficient total de déperditions par transmission | BD95: HT,l = Ht,ie+HT,lue+HT,lg+HT,ij W/K | BH95: =BG87+BG88+BG89+BG90 -> 31.87331
B96: Ecart de température de base | H96: θint,l - θe | I96: °C | J96: =J95-J94 -> 30 | Z96: Température intérieure de base | AF96: θint,l - θe | AG96: °C | AH96: =AH95-AH94 -> 30 | AY96: Données de température de base
B97: Déperditions de base par transmission 𝚽T,i=HT,i.(θint,i-θe) | K97: =(K67+K78+J91)*J96 -> 582.27359 | L97: [W] | Z97: Ecart de température de base | AY97: Température extérieure de base | BE97: θe | BF97: °C | BG97: =32 -> 32
B98: Données de température de pièces adjacentes | Z98: Déperditions de base par transmission avec l'extérieur 𝚽T,i=HT,i.(θint,i-θe) | AI98: =AJ100*AH96 -> 607.00327 | AY98: Température intérieure de base | BE98: θint,l | BF98: °C | BG98: 26
B99: Nom de pièce | H99: T hiver | I99: T été | J99: ΔT hiver | K99: ΔT été | Z99: Données de température de pièces adjacentes | AF99: T hiver | AG99: T été | AH99: ΔT hiver
B100: Couloir | H100: =Données!E33 -> 18 | I100: / | J100: =$J$95-H100 -> 4 | K100: =$J$95-I100 -> #VALUE! | Z100: Nom de pièce | AF100: =Données!E30 -> 20 | AG100: =Données!F30 -> 24 | AH100: =$AH$95-AF100 -> 2 | AI100: ΔT été | AJ100: =AI67+AI92 -> 20.233442 | BI100: [W]
...

Sheet Couloir (1)
B2: Couloir gauche | C2: Déperdition vers l'exterieur
A3: VOIR SALLE DATTENTE | C3: Code | D3: Paroi | H3: Ak | I3: Uk | J3: ek | K3: Ak.Uk.ek | R3: Couloir droite | S3: Déperdition vers l'exterieur
H4: m2 | I4: W/(m²*K) | J4: - | K4: W/K | R4: By Anis | S4: Code | T4: Paroi | X4: Ak | Y4: Uk | Z4: ek | AA4: Ak.Uk.ek
D5: Aucune | K5: 0 | X5: m2 | Y5: W/(m²*K) | Z5: - | AA5: W/K
C6: Total des parois ΣkAk.Uk.ek W/K | K6: =K5 -> 0 | T6: Aucune | AA6: 0
C7: Code | D7: Ponts thermiques | H7: Ψk | I7: lk | J7: ek | K7: Ψk.Ik.Ek | S7: Total des parois ΣkAk.Uk.ek W/K | AA7: =AA6 -> 0
H8: W/(m.K) | I8: m | J8: - | K8: W/K | S8: Code | T8: Ponts thermiques | X8: Ψk | Y8: lk | Z8: ek | AA8: Ψk.Ik.Ek
D9: / | X9: W/(m.K) | Y9: m | Z9: - | AA9: W/K
C10: Total des ponts thermiques ΣkΨk.lk.ek W/K | K10: =0 -> 0 | T10: /
C11: Coefficients total de déperditions directe vers l'extérieur | I11: HT,ie | L11: =K6+K10 -> 0 | M11: [W/K] | S11: Total des ponts thermiques ΣkΨk.lk.ek W/K | AA11: =0 -> 0
C12: Déperdition à travers espaces non-chauffés | S12: Coefficients total de déperditions directe vers l'extérieur | Y12: HT,ie | AB12: =AA7+AA11 -> 0 | AC12: [W/K]
C13: Code | D13: Paroi | H13: Ak | I13: Uk | J13: bu | K13: Ak.Uk.bu | S13: Déperdition à travers espaces non-chauffés
H14: m2 | I14: W/(m²*K) | J14: - | K14: W/K | S14: Code | T14: Paroi | X14: Ak | Y14: Uk | Z14: bu | AA14: Ak.Uk.bu
C15: N | D15: Paroi intérieur rouge | H15: =3.85*3.6 -> 13.86 | I15: =Parois!L28 -> 2.6423919 | J15: =(Données!G51-Données!G46)/(Données!G51-Données!G11) -> 0.076923077 | K15: =PRODUCT(H15:J15) -> 2.8171963 | X15: m2 | Y15: W/(m²*K) | Z15: - | AA15: W/K
C16: N-O | D16: Paroi coffre-fort | H16: =(2.975*3.6)+(5.4*3.6) -> 30.15 | I16: =Parois!L35 -> 1.7703178 | J16: =(Données!#REF!-Données!G35)/(Données!#REF!-Données!G11) -> #REF! | K16: =PRODUCT(H16:J16) -> #REF! | T16: Paroi escalier | X16: =3.8*3.945 -> 14.991 | Y16: =Parois!L28 -> 2.6423919 | Z16: =($AA$48-Y55)/$AA$49 -> 0.076923077 | AA16: =PRODUCT(X16:Z16) -> 3.0470844
C17: S-O | D17: Paroi intérieur rouge | H17: =((3.175+2.125+1.725+1.73)*3.6)-(0.81*2.03) -> 29.8737 | I17: =Parois!L28 -> 2.6423919 | J17: 1 | T17: Paroi coffre-fort | X17: =31.185-X21 -> 29.185 | Y17: =Parois!L35 -> 1.7703178 | Z17: =(($AA$48-Y59)/$AA$49) -> 0.076923077 | AA17: =PRODUCT(X17:Z17) -> 3.9743634
C18: O | D18: Porte | H18: =0.81*2.03 -> 1.6443 | I18: 2.5 | J18: 1 | T18: Paroi trémis | X18: =7*3.945 -> 27.615 | Y18: =Parois!L65 -> 2.9148685 | Z18: =(($AA$48-Y58)/($AA$49)) -> 0.30769231 | AA18: =PRODUCT(X18:Z18) -> 24.767413
C19: Total des parois ΣkAk.Uk.ek W/K | K19: =SUM(K15:K18) -> #REF! | T19: Paroi approv | X19: =(4.14+2.075)*3.945 -> 24.518175 | Y19: =Parois!L28 -> 2.6423919 | Z19: =(($AA$48-Y57)/$AA$49) -> 0 | AA19: =PRODUCT(X19:Z19) -> 0
C20: Code | D20: Ponts thermiques | H20: Ψk | I20: lk | J20: bu | K20: Ψk.Ik.bu | T20: Porte escalier | X20: =0.81*2.03 -> 1.6443 | Y20: =2.5 -> 2.5 | Z20: =Z16 -> 0.076923077 | AA20: =PRODUCT(X20:Z20) -> 0.31621154
H21: W/(m.K) | I21: m | J21: - | K21: W/K | T21: Porte coffre fort | X21: =2*1 -> 2 | Y21: =5.5 -> 5.5 | Z21: =($AA$48-Y59)/$AA$49 -> 0.076923077 | AA21: =PRODUCT(X21:Z21) -> 0.84615385
D22: /
C23: Total des ponts thermiques ΣkΨk.lk.ek W/K | K23: 0 | S23: Total des parois ΣkAk.Uk.ek W/K | AA23: =SUM(AA16:AA21) -> 32.951226
C24: Coefficients total de déperditions directe à travers des espaces non chauffées | K24: Hₜ,ᵢᵤₑ | L24: =K19+K22 -> #REF! | M24: [W/K] | S24: Code | T24: Ponts thermiques | X24: Ψk | Y24: lk | Z24: bu | AA24: Ψk.Ik.bu
C25: Déperditions directes par le sol | X25: W/(m.K) | Y25: m | Z25: - | AA25: W/K
C26: Code | D26: Paroi | H26: Ak | I26: Uk | J26: ek | K26: Ak.Uk.ek | T26: /
H27: m2 | I27: W/(m²*K) | J27: - | K27: W/K | S27: Total des ponts thermiques ΣkΨk.lk.ek W/K | AA27: 0
D28: Aucune | S28: Coefficients total de déperditions directe à travers des espaces non chauffées | AA28: Hₜ,ᵢᵤₑ | AB28: =AA23+AA26 -> 32.951226 | AC28: [W/K]
C29: Coefficients total de déperditions directe à travers le sol | I29: Ht,ig | L29: =K28 -> 0 | M29: [W/K] | S29: Déperditions directes par le sol
C30: Déperditions vers des espaces chauffés à des températures différentes | S30: Code | X30: Ak | Y30: Uk | Z30: ek | AA30: Ak.Uk.ek
C31: Code | D31: Paroi | H31: fij | I31: Ak | J31: Uk | K31: fij.Ak.Uk | X31: m2 | Y31: W/(m²*K) | Z31: - | AA31: W/K
H32: - | I32: m2 | J32: W/(m²*K) | K32: W/K | T32: Aucune
C33: O | D33: Paroi blanche | H33: =(K44-I49)/(K44-K43) -> -0.076923077 | I33: =3.6*1.45-0.81-2.03 -> 2.38 | J33: =Parois!L42 -> 1.8115854 | K33: =J33*I33*H33 -> -0.33165948 | S33: Coefficients total de déperditions directe à travers le sol | Y33: Ht,ig | AB33: =AA32 -> 0 | AC33: [W/K]
C34: N-E | D34: Paroi blanche | H34: =(K44-I50)/(K44-K43) -> #REF! | I34: =((1.875+0.875+11.875)*3.6)-4*(0.81*2.03) -> 46.0728 | J34: =Parois!L42 -> 1.8115854 | K34: =J34*I34*H34 -> #REF! | S34: Déperditions vers des espaces chauffés à des températures différentes
C35: N-E | D35: Porte | H35: =(K44-I50)/(K44-K43) -> #REF! | I35: =4*(0.81*2.03) -> 6.5772 | J35: 2.5 | K35: =PRODUCT(H35:J35) -> #REF! | S35: Code | T35: Paroi | X35: fij | Y35: Ak | Z35: Uk | AA35: fij.Ak.Uk
C36: B | D36: Sol | H36: =(K44-I56)/(K44-K43) -> -0.076923077 | I36: =(13.6*2.875)+(1.55*2.125)+(2.975*1.45) -> 46.7075 | J36: =Parois!L49 -> 0.3993743 | K36: =PRODUCT(H36:J36) -> -1.4349058 | X36: - | Y36: m2 | Z36: W/(m²*K) | AA36: W/K
C37: S | D37: Paroi blanche | H37: =(K44-I49)/(K44-K43) -> -0.076923077 | I37: =(2.875*3.6)-(2.03*0.81) -> 8.7057 | J37: =Parois!L42 -> 1.8115854 | K37: =PRODUCT(H37:J37) -> -1.213163 | S37: O | T37: Paroi blanche | X37: =(AA48-Y53)/(AA48-AA47) -> -0.076923077 | Y37: =3.6*1.45-0.81-2.03 -> 2.38 | Z37: =J33 -> 1.8115854 | AA37: =Z37*Y37*X37 -> -0.33165948
C38: O | D38: Porte | H38: =(K44-I52)/(K44-K43) -> -0.076923077 | I38: =(0.81*2.03) -> 1.6443 | J38: 2.5 | K38: =PRODUCT(H38:J38) -> -0.31621154 | S38: N-E | T38: Paroi blanche | X38: =(AA48-Y54)/(AA48-AA47) -> -0.15384615 | Y38: =((1.875+0.875+11.875)*3.6)-4*(0.81*2.03) -> 46.0728 | Z38: =J34 -> 1.8115854 | AA38: =Z38*Y38*X38 -> -12.84074
C39: O | D39: Paroi intérieur rouge | H39: =(K44-I52)/(K44-K43) -> -0.076923077 | I39: =(1.55*3.6)-(0.81*2.03) -> 3.9357 | J39: =Parois!L28 -> 2.6423919 | K39: =PRODUCT(H39:J39) -> -0.79997399 | S39: N-E | T39: Porte | X39: =(AA48-Y54)/(AA48-AA47) -> -0.15384615 | Y39: =4*(0.81*2.03) -> 6.5772 | Z39: =J35 -> 2.5 | AA39: =PRODUCT(X39:Z39) -> -2.5296923
C40: Coefficient total de déperditions vers des espaces chauffés à des températures différentes | K40: HT,ij | L40: =SUM(K33:K39) -> #REF! | M40: [W/K] | S40: B | T40: Sol | X40: =ABS(($AA$48-Y60)/$AA$49) -> 0.30769231 | Y40: =49.0625 -> 49.0625 | Z40: =Parois!L49 -> 0.3993743 | AA40: =PRODUCT(X40:Z40) -> 6.0290159
C41: Coefficient total de déperditions par transmission | H41: HT,l = Ht,ie+HT,iue+HT,lg+HT,ij W/K | L41: =L40+L29+L24+L11 -> #REF! | M41: [W/K] | S41: S | T41: Paroi blanche | X41: =(AA48-Y53)/(AA48-AA47) -> -0.076923077 | Y41: =(2.875*3.6)-(2.03*0.81) -> 8.7057 | Z41: =J37 -> 1.8115854 | AA41: =PRODUCT(X41:Z41) -> -1.213163
C42: Données de température | S42: O | T42: Porte | X42: =(AA48-Y56)/(AA48-AA47) -> -0.076923077 | Y42: =(0.81*2.03) -> 1.6443 | Z42: =J38 -> 2.5 | AA42: =PRODUCT(X42:Z42) -> -0.31621154
C43: Température extérieure de base | I43: θe | J43: °C | K43: -8 | S43: O | T43: Paroi intérieur rouge | X43: =(AA48-Y56)/(AA48-AA47) -> -0.076923077 | Y43: =(1.55*3.6)-(0.81*2.03) -> 3.9357 | Z43: =J39 -> 2.6423919 | AA43: =PRODUCT(X43:Z43) -> -0.79997399
C44: Température intérieure de base | I44: θint,l | J44: °C | K44: 18 | M44: =(L11*K45)+(K15*K51)+(K16*K55)+(K17*K53)+(K18*K53)+((K33+K37)*K49)+((K34+K35)*K50)+((K38+K39)*K52) -> #REF! | S44: Coefficient total de déperditions vers des espaces chauffés à des températures différentes | AA44: HT,ij | AB44: =AA37+AA38+AA39+AA40+AA41+AA42+AA43 -> -12.002425 | AC44: [W/K]
C45: Ecart de température de base | I45: θint,l - θe | J45: °C | K45: =K44-K43 -> 26 | S45: Coefficient total de déperditions par transmission | X45: HT,l = Ht,ie+HT,iue+HT,lg+HT,ij W/K | AC45: [W/K]
C46: Déperditions de base par transmission 𝚽T,i=HT,i.(θint,i-θe) | M46: [W] | S46: Données de température
C47: Données de température de pièces adjacentes | S47: Température extérieure de base | Y47: θe | Z47: °C | AA47: -8
C48: Nom de pièce | I48: T hiver | J48: T été | K48: ΔT hiver | L48: ΔT été | S48: Température intérieure de base | Y48: θint,l | Z48: °C | AA48: 18
C49: 3.Salle de réunion | I49: =Données!E28 -> 20 | J49: / | L49: / | S49: Ecart de température de base | Y49: θint,l - θe | Z49: °C | AA49: =AA48-AA47 -> 26
C50: 3.Bureau | I50: =Données!#REF! -> #REF! | J50: / | L50: / | S50: Déperditions de base par transmission 𝚽T,i=HT,i.(θint,i-θe) | AB50: =(AB28+AB44)*AA49 -> 544.66885 | AC50: [W]
C51: 4.Escalier | I51: =Données!G46 -> 16 | J51: / | K51: =K44-I51 -> 2 | L51: / | S51: Données de température de pièces adjacentes
C52: 7.Salle d'attente | I52: =Données!E25 -> 20 | J52: / | L52: / | S52: Nom de pièce | Y52: T hiver | Z52: T été | AA52: ΔT hiver | AB52: ΔT été
C53: 18.Approvisionnement | I53: =Données!G51 -> 18 | J53: / | K53: =K44-I53 -> 0 | L53: / | S53: 3.Salle de réunion | Y53: =Données!E28 -> 20 | Z53: 24 | AA53: =AA$48-Y53 -> -2 | AB53: /
C54: 15.La trappe | I54: =Données!G36 -> 23.0805 | J54: / | K54: =K44-I54 -> -5.0805 | L54: / | S54: 3.Bureau | Y54: =Données!E23 -> 22 | Z54: 26 | AA54: =AA$48-Y54 -> -4 | AB54: /
C55: 9.Coffre-fort | I55: =Données!G35 -> 12.27 | J55: / | K55: =K44-I55 -> 5.73 | L55: / | S55: 4.Escalier | Y55: 16 | Z55: 25 | AA55: =AA$48-Y55 -> 2 | AB55: /
C56: Sous-sol | I56: =Données!E31 -> 20 | J56: / | K56: =K45-I56 -> 6 | L56: / | S56: 7.Salle d'attente | Y56: =Données!E25 -> 20 | Z56: 26 | AA56: =AA$48-Y56 -> -2 | AB56: /
S57: 18.Approvisionnement | Y57: =Données!G51 -> 18 | Z57: 25 | AA57: =AA$48-Y57 -> 0 | AB57: /
S58: 15.La trappe/trémis | Y58: =Données!G50 -> 10 | Z58: 20 | AA58: =AA$48-Y58 -> 8 | AB58: /
S59: 9.Coffre-fort | Y59: =Données!G45 -> 16 | Z59: 26 | AA59: =AA$48-Y59 -> 2 | AB59: /
S60: Sous-sol | Y60: =Données!G58 -> 10 | Z60: 20 | AA60: =AA48-Y60 -> 8 | AB60: /
Z61: >
C64: Apports par l'exterieur
C65: Code | D65: Paroi | H65: Ak | I65: Uk | J65: ek | K65: Ak.Uk.ek
H66: m2 | I66: W/(m²*K) | J66: - | K66: W/K | R66: Couloir droite
T67: Apports par l'exterieur
K68: =SUM(K67:K67) -> 0 | T68: Code | U68: Paroi | Y68: Ak | Z68: Uk | AA68: ek | AB68: Ak.Uk.ek
C69: Coefficients total d'apport directe par l'extérieur | I69: HT,ie | Y69: m2 | Z69: W/(m²*K) | AA69: - | AB69: W/K
C70: Apport à travers espaces non-chauffés
C71: Code | D71: Paroi | H71: Ak | I71: Uk | J71: bu | K71: Ak.Uk.bu | AB71: =SUM(AB70:AB70) -> 0
H72: m2 | I72: W/(m²*K) | J72: - | K72: W/K | T72: Coefficients total d'apport directe par l'extérieur | Z72: HT,ie
T73: Apport à travers espaces non-chauffés
C74: Total des parois | T74: Code | U74: Paroi | Y74: Ak | Z74: Uk | AA74: bu | AB74: Ak.Uk.bu
C75: Coefficients total d'apport direct à travers espaces non chauffées (H iue) | Y75: m2 | Z75: W/(m²*K) | AA75: - | AB75: W/K
C76: Apports directs par le sol
C77: Code | D77: Paroi | H77: Ak | I77: Uk | J77: ek | K77: Ak.Uk.ek | T77: Total des parois
H78: m2 | I78: W/(m²*K) | J78: - | K78: W/K | T78: Coefficients total d'apport direct à travers espaces non chauffées (H iue)
T79: Apports directs par le sol
C80: Coefficients total d'apport direct à travers le sol | I80: Ht,ig | T80: Code | U80: Paroi | Y80: Ak | Z80: Uk | AA80: ek | AB80: Ak.Uk.ek
C81: Apports vers des espaces chauffés à des températures différentes | Y81: m2 | Z81: W/(m²*K) | AA81: - | AB81: W/K
C82: Code | D82: Paroi | H82: fij | I82: Ak | J82: Uk | K82: fij.Ak.Uk
H83: - | I83: m2 | J83: W/(m²*K) | K83: W/K | T83: Coefficients total d'apport direct à travers le sol | Z83: Ht,ig
C84: O + S | D84: Via le Mur | H84: 0.33333333 | I84: =(1.45*3.7+2.875*3.7) -2*(0.81*2.03) -> 12.7139 | J84: 1.8115854 | K84: =H84*I84*J84 -> 7.6774385 | T84: Apports vers des espaces chauffés à des températures différentes
C85: O + S | D85: Via la porte | H85: 0.33333333 | I85: =2*(0.81*2.03) -> 3.2886 | J85: =2.5 -> 2.5 | K85: =H85*I85*J85 -> 2.7405 | T85: Code | U85: Paroi | Y85: fij | Z85: Ak | AA85: Uk | AB85: fij.Ak.Uk
C86: N + E + S | D86: Via le Mur | H86: 0.5 | I86: =((1.875+0.875+11.875)*3.7)-4*(0.81*2.03) -> 47.5353 | J86: =J84 -> 1.8115854 | K86: =H86*I86*J86 -> 43.057127 | Y86: - | Z86: m2 | AA86: W/(m²*K) | AB86: W/K
C87: N + E + S | D87: Via la porte | H87: 0.5 | I87: =4*(0.81*2.03) -> 6.5772 | J87: =2.5 -> 2.5 | K87: =H87*I87*J87 -> 8.2215 | U87: Paroi escalier | Y87: =(AB$106-Z55)/AB$107 -> 0 | Z87: =X16 -> 14.991 | AA87: =Y16 -> 2.6423919 | AB87: =Y87*Z87*AA87 -> 0
C88: Coefficient total d'apports vers des espaces chauffés à des températures différentes | J88: HT,ij | U88: Paroi coffre-fort | Y88: =(AB$106-Z59)/AB$107 -> -0.14285714 | Z88: =X17 -> 29.185 | AA88: =Y17 -> 1.7703178 | AB88: =Y88*Z88*AA88 -> -7.3809606
C89: Coefficient total d'apports par transmission | H89: HT,l = Ht,ie+HT,lue+HT,lg+HT,ij W/K | U89: Paroi trémis | Y89: =(AB$106-Z58)/AB$107 -> 0.71428571 | Z89: =X18 -> 27.615 | AA89: =Y18 -> 2.9148685 | AB89: =Y89*Z89*AA89 -> 57.495781
C90: Données de température de base | U90: Paroi approv | Y90: =(AB$106-Z58)/AB$107 -> 0.71428571 | Z90: =X19 -> 24.518175 | AA90: =Y19 -> 2.6423919 | AB90: =Y90*Z90*AA90 -> 46.276163
C91: Température extérieure de base | I91: θe | J91: °C | U91: Porte escalier | Y91: =(AB$106-Z55)/AB$107 -> 0 | Z91: =X20 -> 1.6443 | AA91: =Y20 -> 2.5 | AB91: =Y91*Z91*AA91 -> 0
C92: Température intérieure de base | I92: θint,l | J92: °C | U92: Porte coffre fort | Y92: =(AB$106-Z59)/AB$107 -> -0.14285714 | Z92: =X21 -> 2 | AA92: =Y21 -> 5.5 | AB92: =Y92*Z92*AA92 -> -1.5714286
C93: Ecart de température de base | I93: θint,l - θe | J93: °C | T93: O | U93: Paroi blanche | Y93: =(AB$106-Z53)/AB$107 -> 0.14285714 | Z93: =Y37 -> 2.38 | AA93: =Z37 -> 1.8115854 | AB93: =Y93*Z93*AA93 -> 0.61593903
C94: Ecart de température équivalent | I94: ΔTéq | J94: °C | L94: =ABS(K93*K68) -> 0 | M94: [W] | T94: N-E | U94: Paroi blanche | Y94: =(AB$106-Z54)/AB$107 -> -0.14285714 | Z94: =Y38 -> 46.0728 | AA94: =Z38 -> 1.8115854 | AB94: =Y94*Z94*AA94 -> -11.923544
C95: Apports de base par transmission avec l'extérieur 𝚽T,i=HT,i.ΔTéq | T95: N-E | U95: Porte | Y95: =(AB$106-Z54)/AB$107 -> -0.14285714 | Z95: =Y39 -> 6.5772 | AA95: =Z39 -> 2.5 | AB95: =Y95*Z95*AA95 -> -2.349
C96: Données de température de pièces adjacentes | L96: ΔT été | T96: B | U96: Sol | Y96: =(AB$106-Z60)/AB$107 -> 0.71428571 | Z96: =Y40 -> 49.0625 | AA96: =Z40 -> 0.3993743 | AB96: =Y96*Z96*AA96 -> 13.99593
C97: Nom de pièce | I97: T hiver | J97: T été | K97: ΔT hiver | L97: =J98-$X$32 -> #REF! | T97: S | U97: Paroi Blanche | Y97: =(AB$106-Z53)/AB$107 -> 0.14285714 | Z97: =Y41 -> 8.7057 | AA97: =Z41 -> 1.8115854 | AB97: =Y97*Z97*AA97 -> 2.253017 | AD97: [W]
C98: Salle d'attente | I98: / | J98: #REF! | K98: / | L98: =J99-$X$32 -> #REF! | T98: O | U98: Porte | Y98: =(AB$106-Z56)/AB$107 -> -0.14285714 | Z98: =Y42 -> 1.6443 | AA98: =Z42 -> 2.5 | AB98: =Y98*Z98*AA98 -> -0.58725
C99: SDR 3 | I99: / | J99: #REF! | K99: / | L99: =K84*L97+K85*L97+K87*L98 -> #REF! | M99: [W] | T99: O | U99: Paroi intérieur rouge | Y99: =(AB$106-Z56)/AB$107 -> -0.14285714 | Z99: =Y43 -> 3.9357 | AA99: =Z43 -> 2.6423919 | AB99: =Y99*Z99*AA99 -> -1.485666 | AC99: ΔT été | AD99: =SUM(AB89:AB99)-AB99-AB98-AB95-AB94-AB92 -> 120.63683
C100: Apports de base par transmission avec les pièces adjacentes | L100: =(K84+K85)*4+(K86*K87)*6 -> 2165.6368 | M100: [W] | AC100: =AA112-$X$32 -> 0
C101: Apports totals de la pièce | AC101: =AA121-$X$32 -> 0
T102: Coefficient total d'apports vers des espaces chauffés à des températures différentes | AA102: HT,ij | AC102: =AB87*AC100+AB88*AC100+AB101*AC101 -> 0 | AD102: [W]
T103: Coefficient total d'apports par transmission | Y103: HT,l = Ht,ie+HT,lue+HT,lg+HT,ij W/K | AC103: =AD99*AB107 -> 844.4578 | AD103: [W]
...

Sheet Salle d'attente (1)
B2: Salle d'attente 17 | C2: Déperdition vers l'exterieur
B3: BY Sabir | C3: Code | D3: Paroi | H3: Ak | I3: Uk | J3: ek | K3: Ak.Uk.ek
H4: m2 | I4: W/(m²*K) | J4: - | K4: W/K
D5: Aucune
C6: Total des parois ΣkAk.Uk.ek W/K | K6: =K5 -> 0
C7: Code | D7: Ponts thermiques | H7: Ψk | I7: lk | J7: ek | K7: Ψk.Ik.Ek
H8: W/(m.K) | I8: m | J8: - | K8: W/K
D9: /
C10: Total des ponts thermiques ΣkΨk.lk.ek W/K | K10: =0 -> 0
C11: Coefficients total de déperditions directe vers l'extérieur | I11: HT,ie | L11: =K6+K10 -> 0 | M11: [W/K]
C12: Déperdition à travers espaces non-chauffés
C13: Code | D13: Paroi | H13: Ak | I13: Uk | J13: bu | K13: Ak.Uk.bu
H14: m2 | I14: W/(m²*K) | J14: - | K14: W/K
C15: N-O | D15: Paroi blanche WC | H15: =((2.3+2+1.5)*3.945)-((0.81*2.03))-(1.01*2.03) -> 19.1864 | I15: =Parois!L42 -> 1.8115854 | J15: =(K46-I58)/K47 -> 0.14285714 | K15: =PRODUCT(H15:J15) -> 4.9654002
C17: E | D17: Paroi coffre-fort | H17: =(10)*3.945 -> 39.45 | I17: =Parois!L35 -> 1.7703178 | J17: =(Données!E25-Données!G35)/(Données!E25-Données!G11) -> 0.27607143 | K17: =PRODUCT(H17:J17) -> 19.280563
C18: N-O | D18: Porte | H18: =((0.81*2.03))+(1.01*2.03) -> 3.6946 | I18: 2.5 | J18: =J15 -> 0.14285714 | K18: =PRODUCT(H18:J18) -> 1.3195
C20: Total des parois ΣkAk.Uk.ek W/K | K20: =SUM(K15:K18) -> 25.565463
C21: Code | D21: Ponts thermiques | H21: Ψk | I21: lk | J21: bu | K21: Ψk.Ik.bu
H22: W/(m.K) | I22: m | J22: - | K22: W/K
D23: /
C24: Total des ponts thermiques ΣkΨk.lk.ek W/K | K24: 0
C25: Coefficients total de déperditions directe à travers des espaces non chauffées | K25: Hₜ,ᵢᵤₑ | L25: =K20+K23 -> 25.565463 | M25: [W/K]
C26: Déperditions directes par le sol
C27: Code | D27: Paroi | H27: Ak | I27: Uk | J27: ek | K27: Ak.Uk.ek
H28: m2 | I28: W/(m²*K) | J28: - | K28: W/K
D29: Aucune
C30: Coefficients total de déperditions directe à travers le sol | I30: Ht,ig | L30: =K29 -> 0 | M30: [W/K]
C31: Déperditions vers des espaces chauffés à des températures différentes
C32: Code | D32: Paroi | H32: fij | I32: Ak | J32: Uk | K32: fij.Ak.Uk
H33: - | I33: m2 | J33: W/(m²*K) | K33: W/K
D34: Paroi interieur rouge bornes | H34: =(20-18)/K47 -> 0.071428571 | I34: =(2.275+5.575)*3.78 -> 29.673 | J34: =Parois!L28 -> 2.6423919 | K34: =PRODUCT(H34:J34) -> 5.6005497
C35: S | D35: Vitre | H35: =(K46-I52)/(K46-K45) -> -0.071428571 | I35: =4*(SUM(Parois!AB25:AC25)) -> 5.121 | J35: =Parois!AE25 -> 1.8029885 | K35: =J35*I35*H35 -> -0.65950743 | O35: S | P35: Paroi blanche SDR | T35: =(K46-I52)/(K46-K45) -> -0.071428571 | U35: =3.6*12.395-(0.81*2.03) -> 42.9777 | V35: =Parois!L42 -> 1.8115854 | W35: =V35*U35*T35 -> -5.5612695
D36: Paroi blanche SECRETARIAT | I36: =2.4*3.78-I35 -> 3.951 | J36: =Parois!L42 -> 1.8115854
D37: Paroi rouge trappes | H37: =(20-16)/K47 -> 0.14285714 | I37: =(1.05*3.675)*3.78 -> 14.586075 | J37: =Parois!L65 -> 2.9148685 | K37: =PRODUCT(H37:J37) -> 6.0737843
C38: S-E | D38: Paroi intérieur rouge couloir anis | H38: =(20-18)/K47 -> 0.071428571 | I38: =(1.85*3.78)-(0.81*2.03) -> 5.3487 | J38: =Parois!L28 -> 2.6423919 | K38: =PRODUCT(H38:J38) -> 1.0095258
D39: Paroi interieur blanche toilette homme | H39: =(20-16)/K47 -> 0.14285714 | I39: =(1.645+2.05)*3.78-((0.81*2.03)*2) -> 10.6785 | J39: =Parois!L42 -> 1.8115854 | K39: =PRODUCT(H39:J39) -> 2.7635735
D40: sol | H40: =10/K47 -> 0.35714286 | I40: =2.275*2.4+3.75*2.7+4.725*2.2+5.3*4.8+1.7*0.975+1.495*1.45+1.45*2.725+1.595*2.05 -> 62.46625 | J40: =Parois!L49 -> 0.3993743 | K40: =H40*I40*J40 -> 8.909791
C42: Coefficient total de déperditions vers des espaces chauffés à des températures différentes | K42: HT,ij | L42: =SUM(K34:K41)-K35 -> 24.357224 | M42: [W/K]
C43: Coefficient total de déperditions par transmission | H43: HT,l = Ht,ie+HT,iue+HT,lg+HT,ij W/K | L43: =L42+L30+L25+L11 -> 49.922687 | M43: [W/K]
C44: Données de température
C45: Température extérieure de base | I45: θe | J45: °C | K45: -8
C46: Température intérieure de base | I46: θint,l | J46: °C | K46: 20
C47: Ecart de température de base | I47: θint,l - θe | J47: °C | K47: =K46-K45 -> 28
C48: Déperditions de base par transmission 𝚽T,i=HT,i.(θint,i-θe) | L48: =(K47*L43) -> 1397.8352 | M48: [W]
C49: Données de température de pièces adjacentes
C50: Nom de pièce | I50: T hiver | J50: T été | K50: ΔT hiver | L50: ΔT été
C51: 16.Salle de réunion | I51: =Données!E28 -> 20 | J51: / | K51: =K46-I51 -> 0 | L51: /
C52: 15.secretariat | I52: =22 -> 22 | J52: / | L52: /
C55: 18.Approvisionnement | I55: =Données!G51 -> 18 | J55: / | K55: =K46-I55 -> 2 | L55: /
C56: 15.La trappe | I56: =16 -> 16 | J56: / | K56: =K46-I56 -> 4 | L56: /
C57: 9.Coffre-fort | I57: =16 -> 16 | J57: / | K57: =K46-I57 -> 4 | L57: /
C58: 21.WC | I58: =Données!G45 -> 16 | J58: / | K58: =$K46-I58 -> 4 | L58: /
C59: 20wc | I59: 16 | K59: =K46-I59 -> 4
C60: 19wc | I60: 16 | K60: =$K46-I60 -> 4
C61: 18wc | I61: 16 | K61: =$K46-I61 -> 4
E68: Apports par l'exterieur
E69: Code | F69: Paroi | J69: Ak | K69: Uk | L69: ek | M69: Ak.Uk.ek
J70: m2 | K70: W/(m²*K) | L70: - | M70: W/K
M72: =SUM(M71:M71) -> 0
E73: Coefficients total d'apport directe par l'extérieur | K73: HT,ie
E74: Apport à travers espaces non-chauffés
E75: Code | F75: Paroi | J75: Ak | K75: Uk | L75: bu | M75: Ak.Uk.bu
J76: m2 | K76: W/(m²*K) | L76: - | M76: W/K
E78: Total des parois
E79: Coefficients total d'apport direct à travers espaces non chauffées (H iue)
E80: Apports directs par le sol
E81: Code | F81: Paroi | J81: Ak | K81: Uk | L81: ek | M81: Ak.Uk.ek
J82: m2 | K82: W/(m²*K) | L82: - | M82: W/K
E84: Coefficients total d'apport direct à travers le sol | K84: Ht,ig
E85: Apports vers des espaces chauffés à des températures différentes
E86: Code | F86: Paroi | J86: fij | K86: Ak | L86: Uk | M86: fij.Ak.Uk
J87: - | K87: m2 | L87: W/(m²*K) | M87: W/K
F88: Paroi interieur rouge bornes | J88: =(M102-25)/M103 -> 0.16666667 | K88: =(2.275+5.575)*3.78 -> 29.673 | L88: =L92 -> 2.6423919 | M88: =PRODUCT(J88:L88) -> 13.067949
F89: Vitre | J89: =(M102-26)/M103 -> 0 | K89: =I35 -> 5.121 | L89: =J35 -> 1.8029885 | M89: =PRODUCT(J89:L89) -> 0
F90: Paroi blanche SECRETARIAT | J90: 0 | K90: =2.4*3.78-K89 -> 3.951 | L90: =L95 -> 1.8115854 | M90: =PRODUCT(J90:L90) -> 0
F91: Paroi rouge trappes | J91: =(M102-20)/M103 -> 1 | K91: =(1.05*3.675)*3.78 -> 14.586075 | L91: =J37 -> 2.9148685 | M91: =PRODUCT(J91:L91) -> 42.51649
F92: Paroi intérieur rouge couloir anis | J92: =(M102-25)/M103 -> 0.16666667 | K92: =(1.85*3.78)-(0.81*2.03) -> 5.3487 | L92: =J38 -> 2.6423919 | M92: =PRODUCT(J92:L92) -> 2.3555603
F93: Paroi interieur blanche toilette homme | J93: =0 -> 0 | K93: =(1.645+2.05)*3.78-((0.81*2.03)*2) -> 10.6785 | L93: =L90 -> 1.8115854 | M93: =PRODUCT(J93:L93) -> 0
F94: sol | J94: =(M102-20)/M103 -> 1 | K94: =2.275*2.4+3.75*2.7+4.725*2.2+5.3*4.8+1.7*0.975+1.495*1.45+1.45*2.725+1.595*2.05 -> 62.46625 | L94: =J40 -> 0.3993743 | M94: =PRODUCT(J94:L94) -> 24.947415
F95: Paroi blanche | K95: =((2.3+2+1.5)*3.945)-((0.81*2.03))-(1.01*2.03) -> 19.1864 | L95: =I15 -> 1.8115854 | M95: =PRODUCT(J95:L95) -> 34.757802
F96: Paroi coffre-fort | J96: 0 | K96: =(10)*3.945 -> 39.45 | L96: =I17 -> 1.7703178 | M96: =PRODUCT(J96:L96) -> 0
F97: Porte | K97: =((0.81*2.03))+(1.01*2.03) -> 3.6946 | L97: =2.5 -> 2.5 | M97: =PRODUCT(J97:L97) -> 9.2365
E98: Coefficient total d'apports vers des espaces chauffés à des températures différentes | L98: HT,ij | M98: =SUM(M88:M97) -> 126.88172
E99: Coefficient total d'apports par transmission | J99: HT,l = Ht,ie+HT,lue+HT,lg+HT,ij W/K | M99: =M98 -> 126.88172
E100: Données de température de base
E101: Température extérieure de base | K101: θe | L101: °C | M101: 32
E102: Température intérieure de base | K102: θint,l | L102: °C | M102: 26
E103: Ecart de température de base | K103: θint,l - θe | L103: °C | M103: =ABS(M102-M101) -> 6
E104: Ecart de température équivalent | K104: ΔTéq | L104: °C | M104: 0
E105: Apports de base par transmission avec l'extérieur 𝚽T,i=HT,i.ΔTéq | N105: =M103*M99 -> 761.2903 | O105: [W]
E106: Données de température de pièces adjacentes
E107: Nom de pièce | K107: T hiver | L107: T été | M107: ΔT hiver | N107: ΔT été
K108: / | M108: / | N108: =L108-$X$35 -> 0
E109: Apports de base par transmission avec les pièces adjacentes | N109: 0 | O109: [W]
E110: Apports totals de la pièce | N110: =N105+N109 -> 761.2903 | O110: [W]

Sheet SDR (3)
B3: Bureau 4
B4: by BEN | C4: Déperdition vers l'exterieur
C5: Code | D5: Paroi | H5: Ak | I5: Uk | J5: ek | K5: Ak.Uk.ek
H6: m2 | I6: W/(m²*K) | J6: - | K6: W/K | Y6: SDR 16
C7: a | D7: Mur | H7: =7.115*3.94 -> 28.0331 | I7: =Parois!L13 -> 0.31196949 | J7: 1 | K7: =H7*I7*J7 -> 8.7454718 | Y7: by Sabir | Z7: Déperdition vers l'exterieur
C8: b | D8: Mur | H8: =4.915*3.78-Parois!AB9-Parois!AC9 -> 15.2262 | I8: =Parois!L13 -> 0.31196949 | J8: 1 | K8: =H8*I8*J8 -> 4.7501098 | Z8: Code | AA8: Paroi | AE8: Ak | AF8: Uk | AG8: ek | AH8: Ak.Uk.ek | AX8: kitchenette BEN | AY8: Kitchen
C9: F | D9: fenetre | H9: =Parois!AB9+Parois!AC9 -> 3.3525 | I9: =Parois!AG9 -> 1.4056725 | J9: 1 | K9: =H9*I9*J9 -> 4.7125171 | N9: =Parois!AB9+Parois!AC9 -> 3.3525 | AE9: m2 | AF9: W/(m²*K) | AG9: - | AH9: W/K | AZ9: Déperdition vers l'exterieur
K10: =H10*I10*J10 -> 0 | Z10: O | AA10: Mur | AG10: 1 | AZ10: Code | BA10: Paroi | BE10: Ak | BF10: Uk | BG10: ek | BH10: Ak.Uk.ek
K11: =K7+K9+K10+K8 -> 18.208099 | AA11: Plafond | AE11: =Données!G29 -> 32.175 | AF11: =Parois!L59 -> 0.14630088 | AG11: 1 | BE11: m2 | BF11: W/(m²*K) | BG11: - | BH11: W/K
C12: Code | D12: Ponts thermiques | H12: Ψk | I12: lk | J12: ek | K12: Ψk.Ik.Ek | AG12: 1 | AH12: =AE12*AF12*AG12 -> 0 | AZ12: a | BA12: Mur | BE12: =4.65*3.78--Parois!AB15-Parois!AC15 -> 19.5132 | BF12: =Parois!L13 -> 0.31196949 | BG12: 1 | BH12: =BE12*BF12*BG12 -> 6.087523
H13: W/(m.K) | I13: m | J13: - | K13: W/K | AG13: 1 | AH13: =AE13*AF13*AG13 -> 0 | BE13: =Données!G31 -> 0 | BG13: 1
AH14: =SUM(AH10:AH13) -> 0 | AZ14: g | BA14: Fenêtre | BE14: =Parois!AB15+Parois!AC15 -> 3.895 | BF14: =Parois!AE15 -> 1.9125012 | BG14: 1 | BH14: =BE14*BF14*BG14 -> 7.449192
C15: Total des ponts thermiques ΣkΨk.lk.ek W/K | K15: =0 -> 0 | Q15: #VALUE! | Z15: Code | AA15: Ponts thermiques | AE15: Ψk | AF15: lk | AG15: ek | AH15: Ψk.Ik.Ek | BH15: =BE15*BF15*BG15 -> 0
C16: Coefficients total de déperditions directe vers l'extérieur | I16: HT,ie | L16: =K11+K15 -> 18.208099 | AE16: W/(m.K) | AF16: m | AG16: - | AH16: W/K | BG16: 1 | BH16: =BE16*BF16*BG16 -> 0
C17: Déperdition à travers espaces non-chauffés | AA17: / | BH17: =SUM(BH12:BH16) -> 13.536715
C18: Code | D18: Paroi | H18: Ak | I18: Uk | J18: bu | K18: Ak.Uk.bu | Z18: Total des ponts thermiques ΣkΨk.lk.ek W/K | AH18: =0 -> 0 | AZ18: Code | BA18: Ponts thermiques | BE18: Ψk | BF18: lk | BG18: ek | BH18: Ψk.Ik.Ek
H19: m2 | I19: W/(m²*K) | J19: - | K19: W/K | Z19: Coefficients total de déperditions directe vers l'extérieur | AF19: HT,ie | BE19: W/(m.K) | BF19: m | BG19: - | BH19: W/K
C20: c | D20: vers tremis | H20: =5*3.94 -> 19.7 | I20: =Parois!L28 -> 2.6423919 | J20: =(Données!E23-Données!G45)/(Données!E23-Données!G11) -> 0.2 | K20: =H20*I20*J20 -> 10.411024 | Z20: Déperdition à travers espaces non-chauffés | BA20: Fenêtre | BE20: 0.12 | BF20: =2*(Parois!Z15+Parois!AA15) -> 10.1 | BG20: =1 -> 1 | BH20: =BE20*BF20*BG20 -> 1.212 | BJ20: C.3.5 p62
C21: e | D21: vers escalier | H21: =3.84*3.94 -> 15.1296 | I21: =Parois!L28 -> 2.6423919 | J21: =(Données!E24-Données!G45)/(Données!E24-Données!G11) -> 0.2 | K21: =H21*I21*J21 -> 7.9956666 | Z21: Code | AA21: Paroi | AE21: Ak | AF21: Uk | AG21: bu | AH21: Ak.Uk.bu
C22: f | D22: sol | H22: =(4.94*4.915)+(4.84*2.075) -> 34.3231 | I22: =Parois!L49 -> 0.3993743 | J22: =(22-10)/(22--8) -> 0.4 | K22: =H22*I22*J22 -> 5.4831056 | AE22: m2 | AF22: W/(m²*K) | AG22: - | AH22: W/K
C23: Total des parois | K23: =SUM(K20:K22) -> 23.889796 | AA23: Paroi Blanche Toilette | AE23: =3.505*3.78 -> 13.2489 | AF23: =Parois!L42 -> 1.8115854 | AG23: =(Données!E28-Données!G47)/(Données!E28-Données!G11) -> 0.14285714 | AH23: =AE23*AF23*AG23 -> 3.4287877 | AZ23: Total des ponts thermiques ΣkΨk.lk.ek W/K | BH23: =0 -> 0
C24: Code | D24: Ponts thermiques | H24: Ψk | I24: lk | J24: bu | K24: Ψk.Ik.bu | AG24: 1 | AH24: =AE24*AF24*AG24 -> 0 | AZ24: Coefficients total de déperditions directe vers l'extérieur | BF24: HT,ie | BI24: =BH17+BH23 -> 13.536715
H25: W/(m.K) | I25: m | J25: - | K25: W/K | Z25: Total des parois | AH25: =AH24+AH23 -> 3.4287877 | AZ25: Déperdition à travers espaces non-chauffés
D26: / | Z26: Code | AA26: Ponts thermiques | AE26: Ψk | AF26: lk | AG26: bu | AH26: Ψk.Ik.bu | AZ26: Code | BA26: Paroi | BE26: Ak | BF26: Uk | BG26: bu | BH26: Ak.Uk.bu
C27: Coefficients total de déperditions directe à travers espaces non chauffées (H iue) | AE27: W/(m.K) | AF27: m | AG27: - | AH27: W/K | BE27: m2 | BF27: W/(m²*K) | BG27: - | BH27: W/K
C28: Déperditions directes par le sol | AA28: / | AZ28: e | BA28: Vers toilette pmr | BE28: =2.25 *3.94 -> 8.865 | BF28: =Parois!L42 -> 1.8115854 | BG28: =(20-16)/(20--8) -> 0.14285714 | BH28: =BE28*BF30*BG28 -> 3.3464006
C29: Code | D29: Paroi | H29: Ak | I29: Uk | J29: ek | K29: Ak.Uk.ek | Z29: Coefficients total de déperditions directe à travers espaces non chauffées (H iue) | AZ29: d | BA29: Vers coffre fort | BE29: =4.67*3.94 -> 18.3998 | BF29: =Parois!L35 -> 1.7703178 | BG29: =(20-16)/(20--8) -> 0.14285714 | BH29: =BE29*BF29*BG29 -> 4.6533562
H30: m2 | I30: W/(m²*K) | J30: - | K30: W/K | Z30: Déperditions directes par le sol | AZ30: b | BA30: escalier | BE30: =3.89*3.94 -> 15.3266 | BF30: =Parois!L28 -> 2.6423919 | BG30: =(20-16)/(20--8) -> 0.14285714 | BH30: =BE30*BF30*BG30 -> 5.7855549
D31: / | Z31: Code | AA31: Paroi | AE31: Ak | AF31: Uk | AG31: ek | AH31: Ak.Uk.ek | AZ31: h | BA31: sol | BE31: =(5.84*4.72)-(0.1*1.95) -> 27.3698 | BF31: =Parois!L49 -> 0.3993743 | BG31: =(20-16)/(20--8) -> 0.14285714 | BH31: =BE31*BF31*BG31 -> 1.5615421 | BI31: =SUM(BH28:BH31) -> 15.346854
C32: Coefficients total de déperditions directe à travers le sol | I32: Ht,ig | AE32: m2 | AF32: W/(m²*K) | AG32: - | AH32: W/K | AZ32: Code | BA32: Ponts thermiques | BE32: Ψk | BF32: lk | BG32: bu | BH32: Ψk.Ik.bu
C33: Déperditions vers des espaces chauffés à des températures différentes | BE33: W/(m.K) | BF33: m | BG33: - | BH33: W/K
C34: Code | D34: Paroi | H34: fij | I34: Ak | J34: Uk | K34: fij.Ak.Uk | Z34: Coefficients total de déperditions directe à travers le sol | AF34: Ht,ig | BA34: /
I35: m2 | J35: W/(m²*K) | K35: W/K | Z35: Déperditions vers des espaces chauffés à des températures différentes | AZ35: Coefficients total de déperditions directe à travers espaces non chauffées (H iue)
D36: vers couloir | H36: =(22-18)/(22--8) -> 0.13333333 | I36: =(0.925+2.075)*3.94 -> 11.82 | J36: =Parois!L42 -> 1.8115854 | K36: =H36*I36*J36 -> 2.8550586 | Z36: Code | AA36: Paroi | AE36: fij | AF36: Ak | AG36: Uk | AH36: fij.Ak.Uk | AZ36: Déperditions directes par le sol
D37: vers porte couloir | H37: =(22-18)/(22--8) -> 0.13333333 | I37: =1.64 -> 1.64 | J37: 2.5 | K37: =H37*I37*J37 -> 0.54666667 | AE37: - | AF37: m2 | AG37: W/(m²*K) | AH37: W/K | AZ37: Code | BA37: Paroi | BE37: Ak | BF37: Uk | BG37: ek | BH37: Ak.Uk.ek
K38: =H38*I38*J38 -> 0 | Z38: S | AA38: Paroi Blanche vers secretariat | AE38: =ABS((AH45-AF51)/AH46) -> 0.071428571 | AF38: =5.1*3.78 -> 19.278 | AG38: =Parois!L42 -> 1.8115854 | AH38: =AE38*AF38*AG38 -> 2.4945531 | BE38: m2 | BF38: W/(m²*K) | BG38: - | BH38: W/K
C39: Coefficient total de déperditions vers des espaces chauffés à des températures différentes | K39: =K36+K37 -> 3.4017252 | AA39: sol | AE39: =(AH45-10)/AH46 -> 0.35714286 | AF39: =5.1*10.7-1.875*5.1 -> 45.0075 | AG39: =Parois!L49 -> 0.3993743 | AH39: =AE39*AF39*AG39 -> 6.4195853 | AJ39: piece mm temp je mets pas
C40: Coefficient total de déperditions par transmission | H40: HT,l = Ht,ie+HT,lue+HT,lg+HT,ij W/K | K40: =L16+K23+K39 -> 45.49962 | AH40: =SUM(AH38:AH39) -> 8.9141384 | AZ40: Coefficients total de déperditions directe à travers le sol | BF40: Ht,ig
C41: Données de température de base | Z41: Coefficient total de déperditions vers des espaces chauffés à des températures différentes | AH41: HT,ij | AZ41: Déperditions vers des espaces chauffés à des températures différentes
C42: Température extérieure de base | I42: θe | J42: °C | K42: -8 | Z42: Coefficient total de déperditions par transmission | AE42: HT,l = Ht,ie+HT,lue+HT,lg+HT,ij W/K | AZ42: Code | BA42: Paroi | BE42: fij | BF42: Ak | BG42: Uk | BH42: fij.Ak.Uk
C43: Température intérieure de base | I43: θint,l | J43: °C | K43: 22 | Z43: Données de température de base | BE43: - | BF43: m2 | BG43: W/(m²*K) | BH43: W/K
C44: Ecart de température de base | I44: θint,l - θe | J44: °C | K44: =K43-K42 -> 30 | Z44: Température extérieure de base | AF44: θe | AG44: °C | AH44: -8 | AZ44: c | BA44: couloir | BE44: =(20-18)/(20--8) -> 0.071428571 | BF44: =1.95*3.94 -> 7.683 | BG44: =Parois!L28 -> 2.6423919 | BH44: =BE44*BF44*BG44 -> 1.4501069
C45: Déperditions de base par transmission 𝚽T,i=HT,i.(θint,i-θe) | Z45: Température intérieure de base | AF45: θint,l | AG45: °C | AH45: 20 | AZ45: f | BA45: toilette homme | BE45: =(20-16)/(20--8) -> 0.14285714 | BF45: =3.54*3.94 -> 13.9476 | BG45: =Parois!L28 -> 2.6423919 | BH45: =BE45*BF45*BG45 -> 5.2650037
C46: Données de température de pièces adjacentes | Z46: Ecart de température de base | AF46: θint,l - θe | AG46: °C | AH46: =AH45-AH44 -> 28
C47: Nom de pièce | I47: T hiver | J47: T été | K47: ΔT hiver | L47: =K44*(L16+K23+K39) -> 1364.9886 | M47: [W] | Z47: Déperditions de base par transmission 𝚽T,i=HT,i.(θint,i-θe) | AI47: =(AH40+AH25)*AH46 -> 345.60193 | AJ47: [W] | AZ47: Coefficient total de déperditions vers des espaces chauffés à des températures différentes | BH47: =BH44+BH45 -> 6.7151106
C48: Toilette | I48: =Données!G45 -> 16 | J48: / | K48: =$K$43-I48 -> 6 | Z48: Données de température de pièces adjacentes | AZ48: Coefficient total de déperditions par transmission | BE48: HT,l = Ht,ie+HT,lue+HT,lg+HT,ij W/K
C49: Coffre-fort | I49: =16 -> 16 | J49: / | K49: =$K$43-I49 -> 6 | L49: ΔT été | Z49: Nom de pièce | AF49: T hiver | AG49: T été | AH49: ΔT hiver | AI49: ΔT été | AZ49: Données de température de base
C50: Escalier | I50: =Données!G46 -> 16 | J50: / | K50: =$K$43-I50 -> 6 | L50: =$BE$95-J48 -> #VALUE! | Z50: Toilette individuelle 18 | AF50: =Données!G47 -> 16 | AG50: / | AH50: =$AH$45-AF50 -> 4 | AI50: =$AH$45-AG50 -> #VALUE! | AZ50: Température extérieure de base | BF50: θe | BG50: °C | BH50: -8
C51: Couloir | I51: =Données!#REF! -> #REF! | J51: / | K51: =$K$43-I51 -> #REF! | L51: =$BE$95-J49 -> #VALUE! | Z51: secretariat | AF51: =Données!E29 -> 22 | AG51: =Données!F29 -> 26 | AI51: =$AH$45-AG51 -> -6 | AZ51: Température intérieure de base | BF51: θint,l | BG51: °C | BH51: =20 -> 20
C52: Déperditions de base par transmission avec les pièces adjacentes | L52: =$BE$95-J50 -> #VALUE! | AH52: =$AH$45-AF52 -> 20 | AI52: =$AH$45-AG52 -> 20 | AZ52: Ecart de température de base | BF52: θint,l - θe | BG52: °C | BH52: =BH51-BH50 -> 28
C53: Déperditions totales de la pièce | L53: =$BE$95-J51 -> #VALUE! | AH53: =$AH$45-AF53 -> 20 | AI53: =$AH$45-AG53 -> 20 | AZ53: Déperditions de base par transmission avec l'extérieur 𝚽T,i=HT,i.(θint,i-θe) | BI53: =BH52*(BI24) -> 379.02802 | BJ53: [W]
M54: [W] | Z54: Déperditions de base par transmission avec les pièces adjacentes | AJ54: [W] | AZ54: Données de température de pièces adjacentes
L55: =L47 -> 1364.9886 | M55: [W] | Z55: Déperditions totales de la pièce | AI55: =AI47 -> 345.60193 | AJ55: [W] | AZ55: Nom de pièce | BF55: T hiver | BG55: T été | BH55: ΔT hiver | BI55: ΔT été
AZ56: coffre fort escalier toilette pmr et individuelle | BF56: =Données!G53 -> 18 | BG56: / | BI56: =$BH$50-BG56 -> #VALUE!
AZ57: Couloir | BF57: =18 -> 18 | BG57: / | BI57: =$BH$50-BG57 -> #VALUE!
BF58: =0 -> 0 | BG58: =0 -> 0 | BI58: =$BH$50-BG58 -> -8
AZ60: Déperditions de base par transmission avec les pièces adjacentes | BI60: =(BI31+BH47)*BH52 -> 617.735 | BJ60: [W]
AZ61: Déperditions totales de la pièce | BI61: =BI53+BI60 -> 996.76302 | BJ61: [W]
AY71: inzekitchen
AZ72: Apports par l'exterieur
D73: Bureau 4 | AZ73: Code | BA73: Paroi | BE73: Ak | BF73: Uk | BG73: ek | BH73: Ak.Uk.ek
E74: Apports par l'exterieur | Z74: SDR 16 | BE74: m2 | BF74: W/(m²*K) | BG74: - | BH74: W/K
E75: Code | F75: Paroi | J75: Ak | K75: Uk | L75: ek | M75: Ak.Uk.ek | AA75: Apports par l'exterieur
J76: m2 | K76: W/(m²*K) | L76: - | M76: W/K | AA76: Code | AB76: Paroi | AF76: Ak | AG76: Uk | AH76: ek | AI76: Ak.Uk.ek
E77: N | F77: Paroi ext | J77: =4.575*3.61 -> 16.51575 | K77: 0 | L77: 1 | AF77: m2 | AG77: W/(m²*K) | AH77: - | AI77: W/K
M78: =SUM(M77:M77) -> 0 | AH78: 1
E79: Coefficients total d'apport directe par l'extérieur | K79: HT,ie | AI79: =SUM(AI78:AI78) -> 0
E80: Apport à travers espaces non-chauffés | AA80: Coefficients total d'apport directe par l'extérieur | AG80: HT,ie | AZ80: Coefficients total d'apport directe par l'extérieur | BF80: HT,ie
E81: Code | F81: Paroi | J81: Ak | K81: Uk | L81: bu | M81: Ak.Uk.bu | N81: 0 partout | AA81: Apport à travers espaces non-chauffés | AZ81: Apport à travers espaces non-chauffés
J82: m2 | K82: W/(m²*K) | L82: - | M82: W/K | AA82: Code | AB82: Paroi | AF82: Ak | AG82: Uk | AH82: bu | AI82: Ak.Uk.bu | AZ82: Code | BA82: Paroi | BE82: Ak | BF82: Uk | BG82: bu | BH82: Ak.Uk.bu
AF83: m2 | AG83: W/(m²*K) | AH83: - | AI83: W/K | BE83: m2 | BF83: W/(m²*K) | BG83: - | BH83: W/K
E84: Total des parois | AB84: Paroi Blanche Toilette | AF84: =3.505*3.78 -> 13.2489 | AG84: =AH95 -> 1.8115854 | AH84: =(AI102-26)/AI103 -> 0.25 | AI84: =AF84*AG84*AH84 -> 6.0003784
E85: Coefficients total d'apport direct à travers espaces non chauffées (H iue) | AA85: Total des parois | AZ85: Total des parois
E86: Apports directs par le sol | AA86: Coefficients total d'apport direct à travers espaces non chauffées (H iue) | AZ86: Coefficients total d'apport direct à travers espaces non chauffées (H iue)
E87: Code | F87: Paroi | J87: Ak | K87: Uk | L87: ek | M87: Ak.Uk.ek | AA87: Apports directs par le sol | AZ87: Apports directs par le sol
J88: m2 | K88: W/(m²*K) | L88: - | M88: W/K | AA88: Code | AB88: Paroi | AF88: Ak | AG88: Uk | AH88: ek | AI88: Ak.Uk.ek | AZ88: Code | BA88: Paroi | BE88: Ak | BF88: Uk | BG88: ek | BH88: Ak.Uk.ek
AF89: m2 | AG89: W/(m²*K) | AH89: - | AI89: W/K | BE89: m2 | BF89: W/(m²*K) | BG89: - | BH89: W/K
AA91: Coefficients total d'apport direct à travers le sol | AG91: Ht,ig | AZ91: Coefficients total d'apport direct à travers le sol | BF91: Ht,ig
E92: Coefficients total d'apport direct à travers le sol | K92: Ht,ig | AA92: Apports vers des espaces chauffés à des températures différentes | AZ92: Apports vers des espaces chauffés à des températures différentes
E93: Apports vers des espaces chauffés à des températures différentes | AA93: Code | AB93: Paroi | AF93: fij | AG93: Ak | AH93: Uk | AI93: fij.Ak.Uk | AZ93: Code | BA93: Paroi | BE93: Ak | BF93: Uk | BG93: fij | BH93: fij.Ak.Uk
E94: Code | F94: Paroi | J94: fij | K94: Ak | L94: Uk | M94: fij.Ak.Uk | AF94: - | AG94: m2 | AH94: W/(m²*K) | AI94: W/K | BE94: m2 | BF94: W/(m²*K) | BH94: W/K
J95: - | K95: m2 | L95: W/(m²*K) | M95: W/K | AA95: E | AB95: Salle d'attente | AF95: =(AI102-26)/AI103 -> 0.25 | AG95: =(1.6+10.75)*3.945-AG96 -> 47.07645 | AH95: =AG38 -> 1.8115854 | AI95: =PRODUCT(AF95:AH95) -> 21.320752 | AZ95: N | BA95: Vers toilette pmr | BE95: =2.25 *3.94 -> 8.865 | BF95: =BF28 -> 1.8115854 | BG95: =(24-26)/(BH109) -> -0.25 | BH95: =BE95*BF95*BG95 -> -4.0149261
F96: tremis | J96: =(M$105-L111)/M$106 -> 1 | K96: =H20 -> 19.7 | L96: =I20 -> 2.6423919 | M96: =J96*K96*L96 -> 52.055121 | AA96: E | AB96: Porte | AF96: =(AI102-26)/AI103 -> 0.25 | AG96: =0.81*2.03 -> 1.6443 | AH96: 2.5 | AI96: =PRODUCT(AF96:AH96) -> 1.0276875 | BA96: Vers coffre fort | BE96: =4.67*3.94 -> 18.3998 | BF96: =BF29 -> 1.7703178 | BG96: =(24-26)/(BH109) -> -0.25 | BH96: =BE96*BE97*BG96 -> -35.341416
F97: escalier | J97: =(M$105-L112)/M$106 -> 0.16666667 | K97: =H21 -> 15.1296 | L97: =I21 -> 2.6423919 | M97: =J97*K97*L97 -> 6.6630555 | AA97: S | AB97: Paroi Blanche vers secretariat | AF97: =(AI102-26)/AI103 -> 0.25 | AG97: =5.1*3.78 -> 19.278 | AH97: =AG84 -> 1.8115854 | AI97: =AF97*AG97*AH97 -> 8.7309357 | BA97: couloir | BE97: =1.95*3.94 -> 7.683 | BF97: =BF95 -> 1.8115854 | BG97: =(BH108-25)/BH107 -> -0.03125 | BH97: =BF97*BE97*BG97 -> -0.43495033
F98: sol | J98: =(M$105-L113)/M$106 -> 1 | K98: =H22 -> 34.3231 | L98: =I22 -> 0.3993743 | M98: =J98*K98*L98 -> 13.707764 | AA98: Coefficient total d'apports vers des espaces chauffés à des températures différentes | AH98: HT,ij | AI98: =AI95+AI96+AI97 -> 31.079375 | BA98: toilette homme | BE98: =3.54*3.94 -> 13.9476 | BF98: =BF95 -> 1.8115854 | BG98: =(24-26)/(BH109) -> -0.25 | BH98: =BF98*BE98*BG98 -> -6.3168171
F99: couloir | J99: =(M$105-L114)/M$106 -> 0.16666667 | K99: =I36 -> 11.82 | L99: =J36 -> 1.8115854 | M99: =J99*K99*L99 -> 3.5688232 | AA99: Coefficient total d'apports par transmission | AF99: HT,l = Ht,ie+HT,lue+HT,lg+HT,ij W/K | AI99: =AI98+AI84 -> 37.079754 | BA99: porte | BE99: =0.81*2.03 -> 1.6443 | BF99: =2.5 -> 2.5 | BG99: =(BH108-25)/BH107 -> -0.03125 | BH99: =BF99*BE99*BG99 -> -0.12846094
F100: porte couloir | J100: =(M$105-L114)/M$106 -> 0.16666667 | K100: =I37 -> 1.64 | L100: =J37 -> 2.5 | M100: =J100*K100*L100 -> 0.68333333 | AA100: Données de température de base | BA100: escalier | BE100: =3.89*3.94 -> 15.3266 | BF100: =Parois!L98 -> 0.25294118 | BG100: =(24-25)/(BH109) -> -0.125 | BH100: =BE100*BF100*BG100 -> -0.48459103
E101: Coefficient total d'apports vers des espaces chauffés à des températures différentes | L101: HT,ij | N101: =SUM(M96:M100) -> 76.678097 | AA101: Température extérieure de base | AG101: θe | AH101: °C | AI101: 32 | BA101: sol | BE101: =(5.84*4.72)-(0.1*1.95) -> 27.3698 | BF101: =BF31 -> 0.3993743 | BG101: =(24-20)/(BH109) -> 0.5 | BH101: =BE101*BF101*BG101 -> 5.4653974
E102: Coefficient total d'apports par transmission | J102: HT,l = Ht,ie+HT,lue+HT,lg+HT,ij W/K | AA102: Température intérieure de base | AG102: θint,l | AH102: °C | AI102: 24
E103: Données de température de base | AA103: Ecart de température de base | AG103: θint,l - θe | AH103: °C | AI103: =AI102-AI101 -> -8
E104: Température extérieure de base | K104: θe | L104: °C | M104: 32 | O104: [W] | AA104: Ecart de température équivalent | AG104: ΔTéq | AH104: °C | AZ104: Coefficient total d'apports vers des espaces chauffés à des températures différentes | BG104: HT,ij | BH104: =SUM(BH95:BH101) -> -41.255764
E105: Température intérieure de base | K105: θint,l | L105: °C | M105: 26 | AA105: Apports de base par transmission avec l'extérieur 𝚽T,i=HT,i.ΔTéq | AJ105: =AI103*AI99 -> -296.63803 | AK105: [W] | AZ105: Coefficient total d'apports par transmission | BE105: HT,l = Ht,ie+HT,lue+HT,lg+HT,ij W/K | BH105: =BH104 -> -41.255764
E106: Ecart de température de base | K106: θint,l - θe | L106: °C | M106: =ABS(M105-M104) -> 6 | N106: ΔT été | AA106: Données de température de pièces adjacentes | AZ106: Données de température de base
E107: Ecart de température équivalent | K107: ΔTéq | L107: °C | M107: 0 | N107: =#REF!-$X$35 -> #REF! | AA107: Nom de pièce | AG107: T hiver | AH107: T été | AI107: ΔT hiver | AJ107: ΔT été | AZ107: Température extérieure de base | BF107: θe | BG107: °C | BH107: 32
E108: Apports de base par transmission avec l'extérieur 𝚽T,i=HT,i.ΔTéq | N108: 0 | O108: [W] | AA108: Salle d'attente | AG108: / | AH108: 0 | AI108: / | AJ108: =AH108-$X$32 -> 0 | AZ108: Température intérieure de base | BF108: θint,l | BG108: °C | BH108: 24
E109: Données de température de pièces adjacentes | N109: =N104+N108 -> 0 | O109: [W] | AA109: Bureau 16 | AG109: / | AH109: 0 | AI109: / | AJ109: =AH109-$X$32 -> 0 | AZ109: Ecart de température de base | BF109: θint,l - θe | BG109: °C | BH109: =ABS(BH108-BH107) -> 8
E110: Nom de pièce | K110: T hiver | L110: T été | M110: ΔT hiver | AA110: Apports de base par transmission avec les pièces adjacentes | AJ110: =AJ108*(AI95+AI96)+AJ109*AI97 -> 0 | AK110: [W] | AZ110: Ecart de température équivalent | BF110: ΔTéq | BG110: °C | BH110: 0
E111: tremis | L111: 20 | AA111: Apports totals de la pièce | AJ111: =ABS(AJ105+AJ110) -> 296.63803 | AK111: [W] | AZ111: Apports de base par transmission avec l'extérieur 𝚽T,i=HT,i.ΔTéq | BI111: =BH105*BH109 -> -330.04611 | BJ111: [W]
E112: escalier | L112: 25 | AZ112: Données de température de pièces adjacentes
E113: sol | L113: 20 | AZ113: Nom de pièce | BF113: T hiver | BG113: T été | BH113: ΔT hiver | BI113: ΔT été
...

Sheet WC (4)
A1: WC femme (20) | B1: Déperdition vers l'exterieur
B2: Code | C2: Paroi | G2: Ak | H2: Uk | I2: ek | J2: Ak.Uk.ek
G3: m2 | H3: W/(m²*K) | I3: - | J3: W/K
B4: N | C4: Paroi Blanche extérieur | G4: =3.945 * 3.505 -> 13.827225 | H4: =Parois!L13 -> 0.31196949 | I4: =1 -> 1 | J4: =G4*H4*I4 -> 4.3136723 | AB4: WC femme (20) | AC4: Déperdition vers l'exterieur
AC5: Code | AD5: Paroi | AH5: Ak | AI5: Uk | AJ5: ek | AK5: Ak.Uk.ek
B6: H | C6: Plafond | G6: =5.085*3.38 -> 17.1873 | H6: =Parois!L59 -> 0.14630088 | I6: 1 | J6: 0 | AH6: m2 | AI6: W/(m²*K) | AJ6: - | AK6: W/K
B7: Total des parois ΣkAk.Uk.ek W/K | J7: =J4+J33+J6 -> 6.2699024 | AC7: N | AD7: Paroi Blanche extérieur | AH7: =3.78 * 3.505 -> 13.2489 | AI7: =H4 -> 0.31196949 | AJ7: =0 -> 0 | AK7: =AH7*AI7*AJ7 -> 0
B8: Code | C8: Ponts thermiques | G8: Ψk | H8: lk | I8: ek | J8: Ψk.Ik.Ek
G9: W/(m.K) | H9: m | I9: - | J9: W/K | AC9: H | AD9: Plafond | AH9: =5.085*3.38 -> 17.1873 | AI9: =Parois!AM62 -> 0 | AJ9: 1 | AK9: 0
C10: / | AC10: Total des parois ΣkAk.Uk.ek W/K
B11: Total des ponts thermiques ΣkΨk.lk.ek W/K | J11: =0 -> 0 | AC11: Code | AD11: Ponts thermiques | AH11: Ψk | AI11: lk | AJ11: ek | AK11: Ψk.Ik.Ek
B12: Coefficients total de déperditions directe vers l'extérieur | H12: HT,ie | K12: =J7+J11 -> 6.2699024 | L12: [W/K] | AH12: W/(m.K) | AI12: m | AJ12: - | AK12: W/K
B13: Déperdition à travers espaces non-chauffés | AD13: /
B14: Code | C14: Paroi | G14: Ak | H14: Uk | I14: bu | J14: Ak.Uk.ek | AC14: Total des ponts thermiques ΣkΨk.lk.ek W/K | AK14: =0 -> 0
G15: m2 | H15: W/(m²*K) | I15: - | J15: W/K | AC15: Coefficients total de déperditions directe vers l'extérieur | AI15: HT,ie | AL15: =AK10+AK14 -> 0 | AM15: [W/K]
B16: E | C16: Paroi blanche | H16: =Parois!L42 -> 1.8115854 | I16: =(Données!E22-Données!G45)/(Données!E22-Données!G11) -> 0.14285714 | J16: =G16*H16*I16 -> 0 | AC16: Déperdition à travers espaces non-chauffés
B17: S | C17: Paroi blanche | G17: =(3.945*3.54) -> 13.9653 | H17: =Parois!L42 -> 1.8115854 | I17: =I16 -> 0.14285714 | J17: =G17*H17*I17 -> 3.6141905 | AC17: Code | AD17: Paroi | AH17: Ak | AI17: Uk | AJ17: bu | AK17: Ak.Uk.ek
B18: Total des parois ΣkAk.Uk.ek W/K | J18: =J17+J16 -> 3.6141905 | AH18: m2 | AI18: W/(m²*K) | AJ18: - | AK18: W/K
B19: Code | C19: Ponts thermiques | G19: Ψk | H19: lk | I19: bu | J19: Ψk.Ik.Ek | AC19: E | AD19: Paroi blanche | AI19: =Parois!AM45 -> 0 | AK19: =AH19*AI19*AJ19 -> 0
G20: W/(m.K) | H20: m | I20: - | J20: W/K | AC20: S | AD20: Paroi blanche | AH20: =(3.78*3.54) -> 13.3812 | AI20: =Parois!AM45 -> 0 | AJ20: =AJ19 -> 0 | AK20: =AH20*AI20*AJ20 -> 0
C21: / | AC21: Total des parois ΣkAk.Uk.ek W/K | AK21: =AK20+AK19 -> 0
B22: Total des ponts thermiques ΣkΨk.lk.ek W/K | J22: 0 | AC22: Code | AD22: Ponts thermiques | AH22: Ψk | AI22: lk | AJ22: bu | AK22: Ψk.Ik.Ek
B23: Coefficients total de déperditions directe à travers des espaces non chauffées | J23: HT,ᵢᵤₑ | K23: =J18+J22 -> 3.6141905 | L23: [W/K] | AH23: W/(m.K) | AI23: m | AJ23: - | AK23: W/K
B24: Déperditions directes par le sol | AD24: /
B25: Code | C25: Paroi | G25: Ak | H25: Uk | I25: ek | J25: Ak.Uk.ek | AC25: Total des ponts thermiques ΣkΨk.lk.ek W/K | AK25: 0
G26: m2 | H26: W/(m²*K) | I26: - | J26: W/K | AC26: Coefficients total de déperditions directe à travers des espaces non chauffées | AK26: HT,ᵢᵤₑ | AL26: =AK21+AK25 -> 0 | AM26: [W/K]
C27: Aucune | AC27: Déperditions directes par le sol
B28: Coefficients total de déperditions directe à travers le sol | H28: Ht,ig | K28: =J27 -> 0 | L28: [W/K] | AC28: Code | AD28: Paroi | AH28: Ak | AI28: Uk | AJ28: FIJ | AK28: Ak.Uk.ek
B29: Déperditions vers des espaces chauffés à des températures différentes | AH29: m2 | AI29: W/(m²*K) | AJ29: - | AK29: W/K
B30: Code | C30: Paroi | G30: fij | H30: Ak | I30: Uk | J30: fij.Ak.Uk | AD30: sol | AH30: =H33 -> 19.59295 | AI30: =I33 -> 0.3993743 | AJ30: =(26-20)/(26-32) -> -1 | AK30: =AH30*AI30*AJ30 -> -7.8249207
G31: - | H31: m2 | I31: W/(m²*K) | J31: W/K | AC31: Coefficients total de déperditions directe à travers le sol | AI31: Ht,ig | AL31: =AK30 -> -7.8249207 | AM31: [W/K]
C32: Paroi blanche couloir | G32: =(J38-20)/J39 -> -0.16666667 | H32: =2*3.78 -> 7.56 | I32: =H16 -> 1.8115854 | J32: =G32*H32*I32 -> -2.2825976 | AC32: Déperditions vers des espaces chauffés à des températures différentes
B33: O | C33: sol | G33: =(J129-10)/J130 -> 0.25 | H33: =5.59*3.505 -> 19.59295 | I33: =Parois!L49 -> 0.3993743 | J33: =G33*H33*I33 -> 1.9562302 | K33: =J32 -> -2.2825976 | AC33: Code | AD33: Paroi | AH33: fij | AI33: Ak | AJ33: Uk | AK33: fij.Ak.Uk
B34: Coefficient total de déperditions vers des espaces chauffés à des températures différentes | J34: HT,ij | K34: =J33 -> 1.9562302 | L34: [W/K] | AH34: - | AI34: m2 | AJ34: W/(m²*K) | AK34: W/K
B35: Coefficient total de déperditions par transmission | G35: HT,l = Ht,ie+HT,iue+HT,lg+HT,ij W/K | K35: =K34+K28+K23+K12 -> 11.840323 | L35: [W/K] | AD35: Paroi blanche couloir | AH35: =(26-25)/(26-32) -> -0.16666667 | AI35: =2*3.78 -> 7.56 | AJ35: =I32 -> 1.8115854 | AK35: =AH35*AI35*AJ35 -> -2.2825976
B36: Données de température | AC36: S | AD36: Porte | AH36: =AH35 -> -0.16666667 | AI36: =(2.03*0.81) -> 1.6443 | AJ36: 2.5 | AK36: =AJ36*AI36*AH36 -> -0.685125 | AL36: =AK35 -> -2.2825976
B37: Température extérieure de base | H37: θe | I37: °C | J37: -8 | AC37: Coefficient total de déperditions vers des espaces chauffés à des températures différentes | AK37: HT,ij | AL37: =AK35+AK36 -> -2.9677226 | AM37: [W/K]
B38: Température intérieure de base | H38: θint,l | I38: °C | J38: 16 | AC38: Coefficient total de déperditions par transmission | AH38: HT,l = Ht,ie+HT,iue+HT,lg+HT,ij W/K | AL38: =AL37+AL31+AL26+AL15 -> -10.792643 | AM38: [W/K]
B39: Ecart de température de base | H39: θint,l - θe | I39: °C | J39: =J38-J37 -> 24 | AC39: Données de température
B40: Déperditions de base par transmission 𝚽T,i=HT,i.(θint,i-θe) | K40: =(K35*J39) -> 284.16775 | L40: [W] | AC40: Température extérieure de base | AI40: θe | AJ40: °C | AK40: 32
AC41: Température intérieure de base | AI41: θint,l | AJ41: °C | AK41: 26
AC42: Ecart de température de base | AI42: θint,l - θe | AJ42: °C | AK42: =AK41-AK40 -> -6
AC43: Déperditions de base par transmission 𝚽T,i=HT,i.(θint,i-θe) | AL43: =AL38*AK42 -> 64.75586 | AM43: [W]
A45: WC homme (21) | B45: Déperdition vers l'exterieur
B46: Code | C46: Paroi | G46: Ak | H46: Uk | I46: ek | J46: Ak.Uk.ek
G47: m2 | H47: W/(m²*K) | I47: - | J47: W/K
B48: N | C48: Paroi extérieur | G48: =3.995*3.78 -> 15.1011 | H48: =Parois!L13 -> 0.31196949 | I48: 1 | J48: =I48*H48*G48 -> 4.7110824 | AB48: WC homme (21) | AC48: Déperdition vers l'exterieur
B49: H | C49: Plafond | G49: =3.895*3.15 -> 12.26925 | H49: =Parois!L59 -> 0.14630088 | I49: 1 | AC49: Code | AD49: Paroi | AH49: Ak | AI49: Uk | AJ49: ek | AK49: Ak.Uk.ek
B50: Total des parois ΣkAk.Uk.ek W/K | J50: =J48+J49 -> 4.7110824 | AH50: m2 | AI50: W/(m²*K) | AJ50: - | AK50: W/K
B51: Code | C51: Ponts thermiques | G51: Ψk | H51: lk | I51: ek | J51: Ψk.Ik.Ek | AC51: N | AD51: Paroi extérieur | AH51: =3.995*3.78 -> 15.1011 | AI51: =Parois!AM16 -> 0 | AJ51: 1 | AK51: =AJ51*AI51*AH51 -> 0
G52: W/(m.K) | H52: m | I52: - | J52: W/K | AC52: H | AD52: Plafond | AH52: =3.895*3.15 -> 12.26925 | AI52: =Parois!AM62 -> 0 | AJ52: 1
C53: / | AC53: Total des parois ΣkAk.Uk.ek W/K | AK53: =AK51+AK52 -> 0
B54: Total des ponts thermiques ΣkΨk.lk.ek W/K | J54: =0 -> 0 | AC54: Code | AD54: Ponts thermiques | AH54: Ψk | AI54: lk | AJ54: ek | AK54: Ψk.Ik.Ek
B55: Coefficients total de déperditions directe vers l'extérieur | H55: HT,ie | K55: =J50+J54 -> 4.7110824 | L55: [W/K] | AH55: W/(m.K) | AI55: m | AJ55: - | AK55: W/K
B56: Déperdition à travers espaces non-chauffés | AD56: /
B57: Code | C57: Paroi | G57: Ak | H57: Uk | I57: bu | J57: Ak.Uk.ek | AC57: Total des ponts thermiques ΣkΨk.lk.ek W/K | AK57: =0 -> 0
G58: m2 | H58: W/(m²*K) | I58: - | J58: W/K | P58: FAUT REFAIRE LES BU | AC58: Coefficients total de déperditions directe vers l'extérieur | AI58: HT,ie | AL58: =AK53+AK57 -> 0 | AM58: [W/K]
B59: S | C59: Paroi blanche(mur vers wcfemme) | G59: =3.78*3.54 -> 13.3812 | H59: =Parois!L42 -> 1.8115854 | I59: =(Données!G45-Données!G48)/(Données!G45-Données!G11) -> 0 | J59: =I59*H59*G59 -> 0 | AC59: Déperdition à travers espaces non-chauffés
B60: O | C60: Paroi blanche(mur vers wc pmr) | G60: =2.4*3.78 -> 9.072 | H60: =I80 -> 1.8115854 | I60: =(J85-J85)/J86 -> 0 | J60: =I60*H60*G60 -> 0 | AC60: Code | AD60: Paroi | AH60: Ak | AI60: Uk | AJ60: bu | AK60: Ak.Uk.ek
B61: E | AH61: m2 | AI61: W/(m²*K) | AJ61: - | AK61: W/K
AC62: S | AD62: Paroi blanche(mur vers wcfemme) | AH62: =3.78*3.54 -> 13.3812 | AI62: =Parois!AM45 -> 0 | AK62: =AJ62*AI62*AH62 -> 0
B63: Total des parois ΣkAk.Uk.ek W/K | J63: =J59+J60 -> 0 | AC63: O | AD63: Paroi blanche(mur vers wc pmr) | AH63: =2.4*3.78 -> 9.072 | AI63: =AJ83 -> 0 | AJ63: =(AK88-AK88)/AK89 -> 0 | AK63: =AJ63*AI63*AH63 -> 0
B64: Code | C64: Ponts thermiques | G64: Ψk | H64: lk | I64: bu | J64: Ψk.Ik.Ek | AC64: E
G65: W/(m.K) | H65: m | I65: - | J65: W/K | K65: =J63+J67 -> 0 | L65: [W/K]
C66: / | AC66: Total des parois ΣkAk.Uk.ek W/K | AK66: =AK62+AK63 -> 0
B67: Total des ponts thermiques ΣkΨk.lk.ek W/K | J67: 0 | AC67: Code | AD67: Ponts thermiques | AH67: Ψk | AI67: lk | AJ67: bu | AK67: Ψk.Ik.Ek
B68: Coefficients total de déperditions directe à travers des espaces non chauffées | J68: Hₜ,ᵢᵤₑ | AH68: W/(m.K) | AI68: m | AJ68: - | AK68: W/K | AL68: =AK66+AK70 -> 0 | AM68: [W/K]
B69: Déperditions directes par le sol | AD69: /
B70: Code | C70: Paroi | G70: Ak | H70: Uk | I70: ek | J70: Ak.Uk.ek | K70: =J72 -> 0 | L70: [W/K] | AC70: Total des ponts thermiques ΣkΨk.lk.ek W/K | AK70: 0
G71: m2 | H71: W/(m²*K) | I71: - | J71: W/K | AC71: Coefficients total de déperditions directe à travers des espaces non chauffées | AK71: Hₜ,ᵢᵤₑ
C72: Aucune | AC72: Déperditions directes par le sol
B73: Coefficients total de déperditions directe à travers le sol | H73: Ht,ig | AC73: Code | AD73: Paroi | AH73: Ak | AI73: Uk | AJ73: ek | AK73: Ak.Uk.ek | AL73: =AK75 -> 0 | AM73: [W/K]
B74: Déperditions vers des espaces chauffés à des températures différentes | AH74: m2 | AI74: W/(m²*K) | AJ74: - | AK74: W/K
B75: Code | C75: Paroi | G75: fij | H75: Ak | I75: Uk | J75: fij.Ak.Uk | AD75: Aucune
G76: - | H76: m2 | I76: W/(m²*K) | J76: W/K | AC76: Coefficients total de déperditions directe à travers le sol | AI76: Ht,ig
B77: B | C77: Sol | G77: =(J129-10)/J130 -> 0.25 | H77: =3.895*3.49 -> 13.59355 | I77: =Parois!L49 -> 0.3993743 | J77: =I77*H77*G77 -> 1.3572286 | AC77: Déperditions vers des espaces chauffés à des températures différentes
B78: S | C78: Porte | G78: =(J85-20)/J86 -> -0.16666667 | H78: =(2.03*0.81) -> 1.6443 | I78: 2.5 | J78: =I78*H78*G78 -> -0.685125 | AC78: Code | AD78: Paroi | AH78: fij | AI78: Ak | AJ78: Uk | AK78: fij.Ak.Uk
C79: Paroi blanche (vers couloir) | G79: =(J85-20)/J86 -> -0.16666667 | H79: =1.595*3.7-H78 -> 4.2572 | I79: =I80 -> 1.8115854 | J79: =I79*H79*G79 -> -1.2853802 | AH79: - | AI79: m2 | AJ79: W/(m²*K) | AK79: W/K
C80: Paroi blanche (mur vers cafet) | G80: =(J85-20)/J86 -> -0.16666667 | H80: =G59 -> 13.3812 | I80: =H59 -> 1.8115854 | J80: =I80*H80*G80 -> -4.0401977 | K80: =SUM(J77:J80) -> -4.6534743 | L80: ca c'est apport donc je prend pas | AC80: B | AD80: Sol | AH80: =(26-20)/(26-32) -> -1 | AI80: =3.895*3.49 -> 13.59355 | AJ80: =AI30 -> 0.3993743 | AK80: =AJ80*AI80*AH80 -> -5.4289145
B81: Coefficient total de déperditions vers des espaces chauffés à des températures différentes | J81: HT,ij | K81: =J77 -> 1.3572286 | L81: [W/K] | AC81: S | AD81: Porte | AH81: =(26-25)/(26-32) -> -0.16666667 | AI81: =(2.03*0.81) -> 1.6443 | AJ81: 2.5 | AK81: =AJ81*AI81*AH81 -> -0.685125
B82: Coefficient total de déperditions par transmission | G82: HT,l = Ht,ie+HT,iue+HT,lg+HT,ij W/K | K82: =K81+K70+K65+K55 -> 6.068311 | L82: [W/K] | AD82: Paroi blanche (vers couloir) | AH82: =(26-25)/(26-32) -> -0.16666667 | AI82: =1.595*3.7-AI81 -> 4.2572 | AJ82: =AJ35 -> 1.8115854 | AK82: =AJ82*AI82*AH82 -> -1.2853802
B83: Données de température | AD83: Paroi blanche (mur vers cafet) | AH83: 0 | AI83: =AH62 -> 13.3812 | AJ83: =AI62 -> 0 | AK83: =AJ83*AI83*AH83 -> 0 | AM83: ca c'est deperditions donc je prend pas
B84: Température extérieure de base | H84: θe | I84: °C | J84: -8 | AC84: Coefficient total de déperditions vers des espaces chauffés à des températures différentes | AK84: HT,ij | AL84: =AK82+AK81+AK80 -> -7.3994197 | AM84: [W/K]
B85: Température intérieure de base | H85: θint,l | I85: °C | J85: 16 | AC85: Coefficient total de déperditions par transmission | AH85: HT,l = Ht,ie+HT,iue+HT,lg+HT,ij W/K | AL85: =AL84+AL73+AL68+AL58 -> -7.3994197 | AM85: [W/K]
B86: Ecart de température de base | H86: θint,l - θe | I86: °C | J86: =J85-J84 -> 24 | AC86: Données de température
B87: Déperditions de base par transmission 𝚽T,i=HT,i.(θint,i-θe) | K87: =(K82*J86) -> 145.63946 | L87: [W] | AC87: Température extérieure de base | AI87: θe | AJ87: °C | AK87: 32
AC88: Température intérieure de base | AI88: θint,l | AJ88: °C | AK88: 26
AC89: Ecart de température de base | AI89: θint,l - θe | AJ89: °C | AK89: =AK88-AK87 -> -6
AC90: Déperditions de base par transmission 𝚽T,i=HT,i.(θint,i-θe) | AL90: =(AL85*AK89) -> 44.396518 | AM90: [W]
A91: WC individuelle (18) | B91: Déperdition vers l'exterieur
B92: Code | C92: Paroi | G92: Ak | H92: Uk | I92: ek | J92: Ak.Uk.ek
G93: m2 | H93: W/(m²*K) | I93: - | J93: W/K
B94: O | C94: Paroi extérieur rouge | G94: =3.78*1.5 -> 5.67 | H94: =Parois!L21 -> 3.4668655 | I94: 1 | J94: 0 | AB94: WC individuelle (18) | AC94: Déperdition vers l'exterieur
B95: H | C95: Plafond | G95: =1.4*3.38 -> 4.732 | H95: =Parois!L59 -> 0.14630088 | I95: 1 | J95: 0 | AC95: Code | AD95: Paroi | AH95: Ak | AI95: Uk | AJ95: ek | AK95: Ak.Uk.ek
B96: Total des parois ΣkAk.Uk.ek W/K | J96: =SUM(J94:J95) -> 0 | AH96: m2 | AI96: W/(m²*K) | AJ96: - | AK96: W/K
B97: Code | C97: Ponts thermiques | G97: Ψk | H97: lk | I97: ek | J97: Ψk.Ik.Ek | AC97: O | AD97: Paroi extérieur rouge | AH97: =3.78*1.5 -> 5.67 | AI97: =Parois!AM24 -> 0 | AJ97: 1 | AK97: 0
G98: W/(m.K) | H98: m | I98: - | J98: W/K | AC98: H | AD98: Plafond | AH98: =1.4*3.38 -> 4.732 | AI98: =Parois!AM62 -> 0 | AJ98: 1 | AK98: 0
C99: / | AC99: Total des parois ΣkAk.Uk.ek W/K | AK99: =SUM(AK97:AK98) -> 0
B100: Total des ponts thermiques ΣkΨk.lk.ek W/K | J100: =0 -> 0 | AC100: Code | AD100: Ponts thermiques | AH100: Ψk | AI100: lk | AJ100: ek | AK100: Ψk.Ik.Ek
B101: Coefficients total de déperditions directe vers l'extérieur | H101: HT,ie | K101: =J96+J100 -> 0 | L101: [W/K] | AH101: W/(m.K) | AI101: m | AJ101: - | AK101: W/K
...

Sheet Renouvellement d'air
B3: Nom du local | H3: 1.COFFRE FORT | I3: 2.KITCHENETTE | J3: 3.ESCALIER | K3: 4,Bureau4 | L3: 5.Bureau 5 | M3: 6.Bureau 6 | N3: 7.Bureau 7 | O3: 8.Salle de reunion | P3: 9.Couloir droite | Q3: 10.Approvisionnement | R3: 11.Mini Hall 11 | S3: 12.Entrée | T3: 13.Mini Hall 12 | U3: 14.Distrib | V3: 15.Secretariat | W3: 16. Salle de réunion | X3: 17.Salle d'attente | Y3: 18.WC individuelle | Z3: 19.WC PMR | AA3: 20.WC femme | AB3: 21.WC homme | AC3: 22. Trappe | AE3: Total
AD4: Trémis 23
AR9: ca c'est pour la clim
B11: Volume intérieur du local | F11: Vi | G11: m3 | H11: =6.9*4.4*3.6 -> 109.296 | I11: =4.57*5*3.6 -> 82.26 | J11: =3.65*3.4*3.6 -> 44.676 | K11: =98.96 -> 98.96 | L11: =64.87 -> 64.87 | M11: 65.268 | N11: 65.268 | O11: 119.88 | P11: 164.88 | Q11: 26.064 | R11: 65.547 | U11: 76.356 | V11: 108.072 | W11: 189.432 | X11: 199.152 | Y11: 17.028 | Z11: 15.732 | AA11: 62.64 | AB11: 44.172 | AC11: 39.204 | AD11: 12.6504 | AE11: =SUM(H11:AC11) -> 1658.757
B12: Température extérieure | F12: θe | G12: °C | H12: =Données!G11 -> -8
B13: Température intérieure | F13: θint,l | G13: °C | H13: =Données!G45 -> 16 | I13: =Données!E22 -> 20 | J13: =Données!E23 -> 22 | K13: =Données!G46 -> 16 | L13: =Données!E24 -> 22 | M13: =Données!G47 -> 16 | N13: =Données!E27 -> 22 | O13: =Données!E28 -> 20 | P13: =Données!E33 -> 18 | Q13: =Données!G51 -> 18 | R13: =Données!G52 -> 18 | U13: =Données!G51 -> 18 | V13: =Données!E29 -> 22 | W13: =20 -> 20 | X13: =Données!E25 -> 20 | Y13: 16 | Z13: 16 | AA13: 16 | AB13: 16 | AC13: 16 | AD13: 16
B14: Ecart de température | F14: θint,l - θe | G14: °C | H14: =H13-H12 -> 24 | I14: =I13-H12 -> 28 | J14: =J13-H12 -> 30 | K14: =K13-H12 -> 24 | L14: =L13-H12 -> 30 | M14: =M13-H12 -> 24 | N14: =N13-H12 -> 30 | O14: =O13-H12 -> 28 | P14: =P13-H12 -> 26 | Q14: =Q13-H12 -> 26 | R14: =R13-H12 -> 26 | U14: =U13-H12 -> 26 | V14: =V13-H12 -> 30 | W14: =W13-H12 -> 28 | X14: =Y13-H12 -> 24 | Y14: =Y13-H12 -> 24 | Z14: =ABS(H12-Z13) -> 24 | AA14: =ABS(H12-AA13) -> 24 | AB14: =ABS(H12-AB13) -> 24 | AC14: =ABS(H12-AC13) -> 24 | AD14: =ABS(H12-AD13) -> 24
B15: besoins mini d'hygiène | C15: Taux de renouvellement d'air hygiénique minimal | F15: nmin,i | G15: h-1 | H15: 0.5 | I15: 1 | J15: 0 | K15: 1 | L15: 1 | M15: 1 | N15: 1 | O15: 2 | P15: 0.5 | Q15: 0.5 | R15: 0.5 | U15: 0.5 | V15: 1 | W15: 2 | X15: 0.5 | Y15: 1.5 | Z15: 1.5 | AA15: 1.5 | AB15: 1.5 | AC15: 0 | AD15: 0
C17: Débit d'air hygiénique minimal | F17: V'min,i | G17: m3/h | H17: =H15*H11 -> 54.648 | I17: =I11*I15 -> 82.26 | J17: =J11*J15 -> 0 | K17: =K11*K15 -> 98.96 | L17: =L11*L15 -> 64.87 | M17: =M11*M15 -> 65.268 | N17: =N11*N15 -> 65.268 | O17: =O11*O15 -> 239.76 | P17: =P11*P15 -> 82.44 | ... R17: =R11*R15 -> 32.7735 | U17: =U11*U15 -> 38.178 | V17: =V11*V15 -> 108.072 | W17: =W11*W15 -> 378.864 | X17: =X11*X15 -> 99.576 | Y17: =Y11*Y15 -> 25.542 | Z17: =Z11*Z15 -> 23.598 | AA17: =AA11*AA15 -> 93.96 | AB17: =AB11*AB15 -> 66.258 | ... AD17: =AD11*AD15 -> 0
B19: Débit d'infiltration | C19: Ouvertures exposées | F19: - | G19: - | H19: 0 | I19: =1 -> 1 | J19: 1 | K19: =1 -> 1 | L19: =1 -> 1 | M19: =2 -> 2 | N19: 2 | O19: 1 | P19: 0 | Q19: 0 | R19: 1 | U19: 0 | V19: 1 | W19: 0 | X19: 0 | Y19: 0 | Z19: 0 | AA19: 0 | AB19: 0 | AC19: =0 -> 0 | AD19: =0 -> 0
C20: Taux de renouvellement d'air à 50 Pa | F20: n50 | G20: h-1 | H20: 3 | AG20: batiment d'inertie moyen
C21: Coefficient d'exposition | F21: e | G21: - | H21: =0 -> 0 | I21: =0.01 -> 0.01 | J21: =0 -> 0 | K21: =0.01 -> 0.01 | L21: =0.01 -> 0.01 | M21: =0.02 -> 0.02 | N21: 0.02 | O21: 0.02 | P21: 0 | Q21: 0 | R21: 0.01 | U21: 0 | V21: 0.01 | W21: 0 | X21: 0 | Y21: 0 | Z21: 0 | AA21: 0 | AB21: 0 | AC21: 0 | AD21: =0 -> 0
C22: Facteur correctif de hauteur | F22: 𝜀 | G22: - | H22: 1 | I22: 1 | J22: 1 | K22: 1 | L22: 1 | M22: 1 | N22: 1 | O22: 1 | P22: 1 | Q22: 1 | R22: 1 | U22: 1 | V22: 1 | W22: 1 | X22: 1 | Y22: 1 | Z22: 1 | AA22: 1 | AB22: 1 | AC22: 1 | AD22: =0 -> 0
C23: Débit d'infiltration d'air Vinf,i =2.Vi.n50.e.𝜀 | F23: V'inf,i | G23: m3/h | H23: =2*H11*H20*H21*H22 -> 0 | I23: =2*I11*H20*I21*I22 -> 4.9356 | J23: =2*J11*H20*J21*J22 -> 0 | K23: =2*K11*H20*K21*K22 -> 5.9376 | L23: =2*L11*H20*L21*L22 -> 3.8922 | M23: =2*M11*H20*M21*M22 -> 7.83216 | N23: =2*N11*H20*N21*N22 -> 7.83216 | O23: =2*O11*H20*O21*O22 -> 14.3856 | P23: =2*P11*H20*P21*P22 -> 0 | Q23: =2*Q11*H20*Q21*Q22 -> 0 | R23: =2*R11*H20*R21*R22 -> 3.93282 | U23: =2*U11*H20*U21*U22 -> 0 | V23: =2*V11*H20*V21*V22 -> 6.48432 | W23: =2*W11*H20*W21*W22 -> 0 | X23: =2*X11*H20*X21*X22 -> 0 | Y23: =2*Y11*H20*Y21*Y22 -> 0 | Z23: =2*Z11*I20*Z21*Z22 -> 0 | AA23: =2*AA11*J20*AA21*AA22 -> 0 | AB23: =2*AB11*K20*AB21*AB22 -> 0 | AC23: =2*AC11*L20*AC21*AC22 -> 0 | AD23: =2*AD11*M20*AD21*AD22 -> 0 | AE23: =SUM(H23:AC24) -> 55.23246
B25: Déperdition par renouvellement d'air | C25: Débit total corrigé de renouvellmnt d'air V'i = max(V'inf, i;V'min,i) | F25: V'i | G25: m3/h | H25: =MAX(H23,H17) -> 54.648 | I25: =MAX(I23,I17) -> 82.26 | J25: =MAX(J23,J17) -> 0 | K25: =MAX(K23,K17) -> 98.96 | L25: =MAX(L23,L17) -> 64.87 | M25: =MAX(M23,M17) -> 65.268 | N25: =MAX(N23,N17) -> 65.268 | O25: =MAX(O23,O17) -> 239.76 | ... R25: =MAX(R23,R17) -> 32.7735 | U25: =MAX(U23,U17) -> 38.178 | V25: =MAX(V23,V17) -> 108.072 | W25: =MAX(W23,W17) -> 378.864 | X25: =MAX(X23,X17) -> 99.576 | Y25: =MAX(Y23,Y17) -> 25.542 | Z25: =MAX(Z23,Z17) -> 23.598 | AA25: =MAX(AA23,AA17) -> 93.96 | AB25: =MAX(AB23,AB17) -> 66.258 | ... AD25: =MAX(AD23,AD17) -> 0
C27: Coefficient nominal de déperdition par renouvelement d'air | F27: HV,i | G27: W/K | H27: =0.34*H25 -> 18.58032 | I27: =0.34*I25 -> 27.9684 | J27: =0.34*J25 -> 0 | K27: =0.34*K25 -> 33.6464 | L27: =0.34*L25 -> 22.0558 | M27: =0.34*M25 -> 22.19112 | N27: =0.34*N25 -> 22.19112 | O27: =0.34*O25 -> 81.5184 | ... R27: =0.34*R25 -> 11.14299 | U27: =0.34*U25 -> 12.98052 | V27: =0.34*V25 -> 36.74448 | W27: =0.34*W25 -> 128.81376 | X27: =0.34*X25 -> 33.85584 | Y27: =0.34*Y25 -> 8.68428 | Z27: =0.34*Z25 -> 8.02332 | AA27: =0.34*AA25 -> 31.9464 | AB27: =0.34*AB25 -> 22.52772 | ... AD27: =0.34*AD25 -> 0
C28: Déperditions de bases par renouvellement d'air φV,i = HV,i.(θint,l - θe ) | G28: W | H28: =H27*H14 -> 445.92768 | I28: =I27*I14 -> 783.1152 | J28: =J27*J14 -> 0 | K28: =K27*K14 -> 807.5136 | L28: =L27*L14 -> 661.674 | M28: =M27*M14 -> 532.58688 | N28: =N27*N14 -> 665.7336 | O28: =O27*O14 -> 2282.5152 | ... R28: =R27*R14 -> 289.71774 | U28: =U27*U14 -> 337.49352 | V28: =V27*V14 -> 1102.3344 | W28: =W27*W14 -> 3606.7853 | X28: =X27*X14 -> 812.54016 | Y28: =Y27*Y14 -> 208.42272 | Z28: =Z27*Z14 -> 192.55968 | AA28: =AA27*AA14 -> 766.7136 | AB28: =AB27*AB14 -> 540.66528 | ... AD28: =AD27*AD14 -> 0 | AE28: =SUM(H28:AC28) -> 14880.271
A99: Nom du local | G99: 1.Toilette femme | H99: 2.Toilette homme | I99: 3.Salle de réunion | J99: 4.Escalier | K99: 5.Bureau | L99: 6.Toilette PMR | M99: 7.Salle d'attente | N99: 8.Toilette individuelle | O99: 9.Coffre-fort | P99: 10.Couloir | Q99: 11.Bureau | R99: 12.Bureau | S99: 13.Bureau | T99: 14.Salle de réunion | U99: 15.La trappe | V99: 16.Bureau | W99: 17.Bornes | Y99: 18.Approvisionnement | Z99: 19.Pièce | AA99: 20.Entrée | AB99: 21.Pièce | AC99: Total
A107: Volume intérieur du local | E107: Vi | F107: m3 | G107: =Données!G126 -> 0 | H107: =Données!G143 -> 0 | I107: =Données!G127 -> 0 | J107: =Données!G144 -> 0 | K107: =Données!G128 -> 0 | L107: =Données!G145 -> 0 | M107: =Données!G129 -> 0 | N107: =Données!G146 -> 0 | O107: =Données!G147 -> 0 | P107: =Données!G148 -> 0 | Q107: =Données!G130 -> 0 | R107: =Données!G131 -> 0 | S107: =Données!G132 -> 0 | T107: =Données!G133 -> 0 | U107: =Données!G149 -> 0 | V107: =Données!G134 -> 0 | W107: =Données!G150 -> 0 | AC107: =SUM(G107:AB107) -> 0
A108: Température extérieure | E108: θe | F108: °C | G108: =Données!F115 -> 0
A109: Température intérieure | E109: θint,l | F109: °C | G109: =Données!D126 -> 0 | H109: =Données!F143 -> 0 | I109: =Données!D127 -> 0 | J109: =Données!F144 -> 0 | K109: =Données!D128 -> 0 | L109: =Données!F145 -> 0 | M109: =Données!D129 -> 0 | N109: =Données!F146 -> 0 | O109: =Données!F147 -> 0 | P109: =Données!F148 -> 0 | Q109: =Données!D130 -> 0 | R109: =Données!D131 -> 0 | S109: =Données!D132 -> 0 | T109: =Données!D133 -> 0 | U109: =Données!F149 -> 0 | V109: =Données!D134 -> 0 | W109: =Données!F150 -> 0
A110: Ecart de température | E110: θint,l - θe | F110: °C | G110: =G109-G108 -> 0 | H110: =H109-G108 -> 0 | I110: =I109-G108 -> 0 | J110: =J109-G108 -> 0 | K110: =K109-G108 -> 0 | L110: =L109-G108 -> 0 | M110: =M109-G108 -> 0 | N110: =N109-G108 -> 0 | O110: =O109-G108 -> 0 | P110: =P109-G108 -> 0 | Q110: =Q109-G108 -> 0 | R110: =R109-G108 -> 0 | S110: =S109-G108 -> 0 | T110: =T109-G108 -> 0 | U110: =U109-G108 -> 0 | V110: =V109-G108 -> 0 | W110: =W109-G108 -> 0
A111: Débit d'infiltration | B111: Ouvertures exposées | E111: - | F111: - | G111: 0 | H111: 0 | I111: 1 | J111: 0 | K111: 1 | L111: 0 | M111: 0 | N111: 0 | O111: 0 | P111: 0 | Q111: 1 | R111: 2 | S111: 2 | T111: 0 | U111: 0 | V111: 1
B112: Taux de renouvellement d'air à 50 Pa | E112: n50 | F112: h-1 | G112: 1
B113: Coefficient d'exposition | E113: e | F113: - | G113: 0 | H113: 0 | I113: 0.01 | J113: 0 | K113: 0.01 | L113: jsp pour les locaux non chauffé | M113: 0 | Q113: 0.01 | R113: 0.02 | S113: 0.02 | T113: 0 | U113: 0 | V113: 0.01
B114: Facteur correctif de hauteur | E114: 𝜀 | F114: - | G114: 1 | H114: 1 | I114: 1 | J114: 1 | K114: 1 | L114: 1 | M114: 1 | N114: 1 | O114: 1 | P114: 1 | Q114: 1 | R114: 1 | S114: 1 | T114: 1 | U114: 1 | V114: 1 | W114: 1
B115: Débit d'infiltration d'air Vinf,i =2.Vi.n50.e.𝜀 | E115: V'inf,i | F115: m3/h | G115: =2*G107*G112*G113*G114 -> 0 | H115: =2*H107*G112*H113*H114 -> 0 | I115: =2*I107*G112*I113*I114 -> 0 | J115: =2*J107*G112*J113*J114 -> 0 | K115: =2*K107*G112*K113*K114 -> 0 | L115: =2*L107*G112*L113*L114 -> #VALUE! | M115: =2*M107*G112*M113*M114 -> 0 | N115: =2*N107*G112*N113*N114 -> 0 | O115: =2*O107*G112*O113*O114 -> 0 | P115: =2*P107*G112*P113*P114 -> 0 | Q115: =2*Q107*G112*Q113*Q114 -> 0 | R115: =2*R107*G112*R113*R114 -> 0 | S115: =2*S107*G112*S113*S114 -> 0 | T115: =2*T107*G112*T113*T114 -> 0 | U115: =2*U107*G112*U113*U114 -> 0 | V115: =2*V107*G112*V113*V114 -> 0 | W115: =2*W107*G112*W113*W114 -> 0 | AC115: =SUM(G115:AB116) -> #VALUE!
A117: Débit du système de ventillation, températures et facteurs correctifs | B117: Air extrait | F117: m3/h | G117: PAS DE VENTILLATION
B118: Air amené | F118: m3/h
B119: Température de l'air amené | F119: °C
B120: Facteur de réduction | F120: -
B121: Air provenant de locaux ajd. | F121: m3/h
B122: Facteur de réduction | F122: -
B123: Air extrait excédentaire bâtiment entirer V'mech,inf = ∑V'ex,i - ∑V' SU,i | F123: m3/h
B125: Air extrait excédentaire pièce par pièce | F125: m3/h | G125: 0 | H125: 0 | I125: 0 | J125: 0 | K125: 0 | L125: 0 | M125: 0 | N125: 0 | O125: 0 | P125: 0 | Q125: 0 | R125: 0 | S125: 0 | T125: 0 | U125: 0 | V125: 0 | W125: 0 | Y125: 0 | Z125: 0 | AA125: 0 | AB125: 0 | AC125: 0
A126: Déperdition par renouvellement d'air | B126: Débit total corrigé de renouvellmnt d'air V'i = V'inf, i+ V'SU,i + V'mech,inf,i | E126: V'i | F126: m3/h | G126: =G115+G125 -> 0 | H126: =H115+H125 -> 0 | I126: =I115+I125 -> 0 | J126: =J115+J125 -> 0 | K126: =K115+K125 -> 0 | L126: =L115+L125 -> #VALUE! | M126: =M115+M125 -> 0 | N126: =N115+N125 -> 0 | ... W126: =W115+W125 -> 0 | Y126: =Y115+Y125 -> 0 | Z126: =Z115+Z125 -> 0 | AA126: =AA115+AA125 -> 0 | AB126: =AB115+AB125 -> 0
B128: Coefficient nominal de déperdition par renouvelement d'air | E128: HV,i | F128: W/K | G128: =0.34*G126 -> 0 | H128: =0.34*H126 -> 0 | I128: =0.34*I126 -> 0 | J128: =0.34*J126 -> 0 | K128: =0.34*K126 -> 0 | L128: =0.34*L126 -> #VALUE! | M128: =0.34*M126 -> 0 | N128: =0.34*N126 -> 0 | ... W128: =0.34*W126 -> 0 | Y128: =0.34*Y126 -> 0 | Z128: =0.34*Z126 -> 0 | AA128: =0.34*AA126 -> 0 | AB128: =0.34*AB126 -> 0
B129: Déperditions de bases par renouvellement d'air φV,i = HV,i.θint,l - θe | E129: φV,i | F129: W | G129: =G128*G110 -> 0 | H129: =H128*H110 -> 0 | I129: =I128*I110 -> 0 | J129: =J128*J110 -> 0 | K129: =K128*K110 -> 0 | L129: =L128*L110 -> #VALUE! | M129: =M128*M110 -> 0 | N129: =N128*N110 -> 0 | ... W129: =W128*W110 -> 0 | Y129: =Y128*Y110 -> 0 | Z129: =Z128*Z110 -> 0 | AA129: =AA128*AA110 -> 0 | AB129: =AB128*AB110 -> 0 | AC129: =SUM(G129:AB131) -> #VALUE!

Sheet (Surpuissance de relance)
C5: Nom du local | F5: Facteur de relance | G5: Air de planche | H5: Surpuissance de relance
F7: fRH | G7: Ai | H7: φRH,i = fRH.Ai
F9: W/m2 | G9: m2 | H9: W
C11: 1.COFFRE FORT | F11: 20 | G11: =Données!E45 -> 37.05375 | H11: =F11*G11 -> 741.075
C12: 2.KITCHENETTE | G12: =Données!G22 -> 33.5018 | H12: =F11*G12 -> 670.036
C13: 3.ESCALIER | G13: =Données!E46 -> 14.516 | H13: =G13*F11 -> 290.32
C14: 4.Bureau 4 | G14: =Données!G23 -> 31.1704 | H14: =G14*F11 -> 623.408
C15: 5.Bureau5 | G15: =Données!G24 -> 20.16 | H15: =G15*F11 -> 403.2
C16: 6.Bureau 6 | G16: =Données!G26 -> 20.16 | H16: =G16*F11 -> 403.2
C17: 7.Bureau 7 | G17: =Données!G27 -> 21.52 | H17: =G17*F11 -> 430.4
C18: 8.SDR | G18: =Données!G28 -> 36.0996 | H18: =G18*F11 -> 721.992
C19: 9.Couloir droite | G19: =Données!G33 -> 49.0625 | H19: =G19*F11 -> 981.25
C20: 10.Approvisionnement | G20: =Données!E51 -> 8.5905 | H20: =G20*F11 -> 171.81
C21: 11.mini Hall 11 | G21: =Données!E52 -> 18.2075 | H21: =G21*F11 -> 364.15
C22: 12.Entrée
C23: 13.Mini hall 13
C24: 14.Distrib | G24: =Données!G36 -> 23.0805 | H24: =G24*F11 -> 461.61
C25: 15.Secretariat | G25: =Données!G29 -> 32.175 | H25: =G25*F11 -> 643.5
C26: 16.SDR | G26: =Données!G30 -> 52.62 | H26: =G26*F11 -> 1052.4
C27: 17. Salle d'attente | G27: =Données!G25 -> 50.024601 | H27: =G27*F11 -> 1000.492
C28: 18.WC individuelle | G28: =Données!E47 -> 4.73 | H28: =G28*F11 -> 94.6
C29: 19.WC PMR | G29: =Données!E48 -> 4.37 | H29: =G29*F11 -> 87.4
C30: 20.WC femme | G30: =Données!G34 -> 17.4 | H30: =G30*F11 -> 348
C31: 21.WC homme | G31: =Données!G35 -> 12.27 | H31: =G31*F11 -> 245.4
C32: 22.Trappe | G32: =Données!E49 -> 10.89 | H32: =G32*F11 -> 217.8
C33: 23.Trémis | G33: =Données!E50 -> 3.514 | H33: =G33*F11 -> 70.28 | M33: pourquoi si faible inertie diminiue
F34: Total | H34: =SUM(H11:H32) -> 9952.043

Sheet Charge therm. total
B3: Nom du local | E3: Charge thermique par transmission | F3: Charge thermique par renouvellement d'air | G3: Surpuissance de relance | H3: Charge thermique totale | I3: Air de planche | J3: Volume
E5: φT,i | F5: φV,i | G5: φRH,i | H5: φHl,i | I5: Ai | J5: Vi
E7: W | F7: W | G7: W | H7: W | I7: m2 | J7: m³ | K7: perte pourcentage | L7: perte/m²
B9: 1.COFFRE FORT | E9: ='Coffre-fort (1)'!L24 -> 83.864409 | F9: ='Renouvellement d''air'!H28 -> 445.92768 | G9: ='(Surpuissance de relance)'!H11 -> 741.075 | H9: =SUM(E9:G9) -> 1270.8671 | I9: ='(Surpuissance de relance)'!G11 -> 37.05375 | J9: {=TRANSPOSE('Renouvellement d''air'!H11:R11)} -> 109.296 | K9: =H9/H$30*100 -> 3.496625 | L9: =H9/I9 -> 34.297934
B10: 2.KITCHENETTE | E10: ='SDR (3)'!BI61 -> 996.76302 | F10: ='Renouvellement d''air'!I28 -> 783.1152 | G10: ='(Surpuissance de relance)'!H12 -> 670.036 | H10: =SUM(E10:G10) -> 2449.9142 | I10: ='(Surpuissance de relance)'!G12 -> 33.5018 | J10: 82.26 | K10: =H10/H$30*100 -> 6.7406193 | L10: =H10/I10 -> 73.127839
B11: 3.ESCALIER | E11: ='Escalier (1)'!K46 -> 0 | F11: ='Renouvellement d''air'!J28 -> 0 | G11: ='(Surpuissance de relance)'!H13 -> 290.32 | H11: =SUM(E11:G11) -> 290.32 | I11: ='(Surpuissance de relance)'!G13 -> 14.516 | J11: 44.676 | K11: =H11/H$30*100 -> 0.7987776 | L11: =H11/I11 -> 20
B12: 4.Bureau 4 | E12: ='SDR (3)'!L55 -> 1364.9886 | F12: ='Renouvellement d''air'!K28 -> 807.5136 | G12: ='(Surpuissance de relance)'!H14 -> 623.408 | H12: =SUM(E12:G12) -> 2795.9102 | I12: ='(Surpuissance de relance)'!G14 -> 31.1704 | J12: 98.96 | K12: =H12/H$30*100 -> 7.6925822 | L12: =H12/I12 -> 89.697604
B13: 5.Bureau5 | E13: ='Bureau (5)'!K51 -> 888.51308 | F13: ='Renouvellement d''air'!L28 -> 661.674 | G13: ='(Surpuissance de relance)'!H15 -> 403.2 | H13: =SUM(E13:G13) -> 1953.3871 | I13: ='(Surpuissance de relance)'!G15 -> 20.16 | J13: 64.87 | K13: =H13/H$30*100 -> 5.3744897 | L13: =H13/I13 -> 96.8942
B14: 6.Bureau 6 | E14: ='Bureau (5)'!K103 -> 582.27359 | F14: ='Renouvellement d''air'!M28 -> 532.58688 | G14: ='(Surpuissance de relance)'!H16 -> 403.2 | H14: =SUM(E14:G14) -> 1518.0605 | I14: ='(Surpuissance de relance)'!G16 -> 20.16 | J14: 65.268 | K14: =H14/H$30*100 -> 4.1767453 | L14: =H14/I14 -> 75.300619
B15: 7.Bureau 7 | E15: ='Bureau (5)'!AI105 -> 607.00327 | F15: ='Renouvellement d''air'!N28 -> 665.7336 | G15: ='(Surpuissance de relance)'!H17 -> 430.4 | H15: =SUM(E15:G15) -> 1703.1369 | I15: ='(Surpuissance de relance)'!G17 -> 21.52 | J15: 65.268 | K15: =H15/H$30*100 -> 4.6859589 | L15: =H15/I15 -> 79.142048
B16: 8.SDR | E16: ='Bureau (5)'!AI49 -> 1760.8772 | F16: ='Renouvellement d''air'!O28 -> 2282.5152 | G16: ='(Surpuissance de relance)'!H18 -> 721.992 | H16: =SUM(E16:G16) -> 4765.3844 | I16: ='(Surpuissance de relance)'!G18 -> 36.0996 | J16: 119.88 | K16: =H16/H$30*100 -> 13.111333 | L16: =H16/I16 -> 132.00657
B17: 9.Couloir droite | E17: ='Couloir (1)'!AB50 -> 544.66885 | F17: ='Renouvellement d''air'!P28 -> 728.7696 | G17: ='(Surpuissance de relance)'!H19 -> 981.25 | H17: =SUM(E17:G17) -> 2254.6884 | I17: ='(Surpuissance de relance)'!G19 -> 49.0625 | J17: 164.88 | K17: =H17/H$30*100 -> 6.2034811 | L17: =H17/I17 -> 45.955433
B18: 10.Approvisionnement | E18: ='Distrib et Approv'!M72 -> 27.446599 | F18: ='Renouvellement d''air'!Q28 -> 115.20288 | G18: ='(Surpuissance de relance)'!H20 -> 171.81 | H18: =SUM(E18:G18) -> 314.45948 | I18: ='(Surpuissance de relance)'!G20 -> 8.5905 | J18: 26.064 | K18: =H18/H$30*100 -> 0.86519423 | L18: =H18/I18 -> 36.605492
B19: 11/12/13. Entrée | E19: ='Entrée (1)'!K39 -> 930.64034 | F19: ='Renouvellement d''air'!R28 -> 289.71774 | G19: ='(Surpuissance de relance)'!H21 -> 364.15 | H19: =SUM(E19:G19) -> 1584.5081 | I19: ='(Surpuissance de relance)'!G21 -> 18.2075 | J19: 65.547 | K19: =H19/H$30*100 -> 4.3595673 | L19: =H19/I19 -> 87.025022
B20: 14.Distrib | E20: ='Distrib et Approv'!K30 -> 57.509899 | F20: {=TRANSPOSE('Renouvellement d''air'!U28:AD28)} -> 337.49352 | G20: {='(Surpuissance de relance)'!H24:H33} -> 461.61 | H20: =SUM(E20:G20) -> 856.61342 | I20: ='(Surpuissance de relance)'!G24 -> 23.0805 | J20: {=TRANSPOSE('Renouvellement d''air'!U11:AD11)} -> 76.356 | K20: =H20/H$30*100 -> 2.3568601 | L20: =H20/I20 -> 37.114162
B21: 15.Secretariat | E21: ='Bureau (5)'!K160 -> 1401.0484 | F21: 1102.3344 | G21: 643.5 | H21: =SUM(E21:G21) -> 3146.8828 | I21: ='(Surpuissance de relance)'!G25 -> 32.175 | J21: 108.072 | K21: =H21/H$30*100 -> 8.6582373 | L21: =H21/I21 -> 97.805214
B22: 16.SDR | E22: ='SDR (3)'!AI55 -> 345.60193 | F22: 3606.7853 | G22: 1052.4 | H22: =SUM(E22:G22) -> 5004.7872 | I22: ='(Surpuissance de relance)'!G26 -> 52.62 | J22: 189.432 | K22: =H22/H$30*100 -> 13.770019 | L22: =H22/I22 -> 95.111882
B23: 17. Salle d'attente | E23: ='Salle d''attente (1)'!L48 -> 1397.8352 | F23: 812.54016 | G23: 1000.492 | H23: =SUM(E23:G23) -> 3210.8674 | I23: ='(Surpuissance de relance)'!G27 -> 50.024601 | J23: 199.152 | K23: =H23/H$30*100 -> 8.8342828 | L23: =H23/I23 -> 64.185768
B24: 18.WC individuelle | E24: ='WC (4)'!K131 -> 12.598262 | F24: 208.42272 | G24: 94.6 | H24: =SUM(E24:G24) -> 315.62098 | I24: ='(Surpuissance de relance)'!G28 -> 4.73 | J24: 17.028 | K24: =H24/H$30*100 -> 0.86838995 | L24: =H24/I24 -> 66.72748
B25: 19.WC PMR | E25: ='WC (4)'!K177 -> 11.50198 | F25: 192.55968 | G25: 87.4 | H25: =SUM(E25:G25) -> 291.46166 | I25: ='(Surpuissance de relance)'!G29 -> 4.37 | J25: 15.732 | K25: =H25/H$30*100 -> 0.80191873 | L25: =H25/I25 -> 66.696032
B26: 20.WC femme | E26: ='WC (4)'!K40 -> 284.16775 | F26: 766.7136 | G26: 348 | H26: =SUM(E26:G26) -> 1398.8814 | I26: ='(Surpuissance de relance)'!G30 -> 17.4 | J26: 62.64 | K26: =H26/H$30*100 -> 3.8488395 | L26: =H26/I26 -> 80.39548
B27: 21.WC homme | E27: ='WC (4)'!K87 -> 145.63946 | F27: 540.66528 | G27: 245.4 | H27: =SUM(E27:G27) -> 931.70474 | I27: ='(Surpuissance de relance)'!G31 -> 12.27 | J27: 44.172 | K27: =H27/H$30*100 -> 2.563464 | L27: =H27/I27 -> 75.933557
B28: 22.Trappe | E28: ='Trappe (2)'!L46 -> 0 | F28: 0 | G28: 217.8 | H28: =SUM(E28:G28) -> 217.8 | I28: ='(Surpuissance de relance)'!G32 -> 10.89 | J28: 39.204 | K28: =H28/H$30*100 -> 0.59924828 | L28: =H28/I28 -> 20
B29: 23.Trémis | E29: ='Trappe (2)'!Z51 -> 0 | F29: 0 | G29: 70.28 | H29: =SUM(E29:G29) -> 70.28 | I29: ='(Surpuissance de relance)'!G33 -> 3.514 | J29: 12.6504 | K29: =H29/H$30*100 -> 0.19336625 | L29: =H29/I29 -> 20
B30: Total | E30: =SUM(E9:E29) -> 11442.942 | F30: =SUM(F9:F27) -> 14880.271 | G30: =SUM(G9:G29) -> 10022.323 | H30: =SUM(H9:H29) -> 36345.536 | I30: =SUM(I9:I29) -> 501.11615 | J30: =SUM(J9:J29) -> 1671.4074 | K30: =SUM(K9:K29) -> 100 | L30: =H30/I30 -> 72.529165
B31: pourcentage perte | E31: =E30/H30*100 -> 31.483762 | F31: =F30/H30*100 -> 40.941124 | G31: =G30/H30*100 -> 27.575114

Sheet TRANS PAROIS OPAQUE
B2: Ombre
B3: Ensoleillé | E3: 32 ext pas 28
B6: Nom du local | E6: a | F6: ΔTes | G6: b | H6: ΔTem | I6: Rm | J6: Rs | K6: ΔTéq | L6: Surface | M6: Gains transmission p.o.
E7: °C | F7: °C | G7: - | H7: °C | I7: W/m2 | J7: W/m2 | K7: °C | L7: m² | M7: W
B8: Paroi à l'ombre
B9: Mur Nord
B10: 1.Toilette femme | E10: -2.2 | F10: 1.7 | K10: =E10+F10 -> -0.5 | L10: ='WC (4)'!G4 -> 13.827225 | M10: =K10*L10*Parois!$L$13 -> -2.1568361
B11: 2.Toilette homme | E11: -2.2 | F11: 1.7 | K11: =E11+F11 -> -0.5 | L11: ='WC (4)'!G48 -> 15.1011 | M11: =K11*L11*Parois!$L$13 -> -2.3555412
B12: 3.Salle de réunion (kitchenette) | E12: 0 | F12: 1.7 | K12: =E12+F12 -> 1.7 | L12: ='SDR (3)'!BE12 -> 19.5132 | M12: =K12*L12*Parois!$L$13 -> 10.348789
B13: 4.Escalier | E13: -1.1 | F13: 1.7 | K13: =E13+F13 -> 0.6 | L13: ='Escalier (1)'!G6 -> 14.972 | M13: =K13*L13*Parois!$L$13 -> 2.8024843
B14: 5.Bureau 4 | E14: -2.2 | F14: 1.7 | K14: =E14+F14 -> -0.5 | L14: ='SDR (3)'!H7 -> 28.0331 | M14: =K14*L14*Parois!$L$13 -> -4.3727359
B16: Paroi ensoleillé
B17: 1.Bureau 4 | E17: -2.2 | F17: 1.7 | G17: 1 | H17: 11.1 | I17: 442 | J17: 444 | K17: =E17+F17+(G17*(J17/I17)*(H17-F17)) -> 8.9425339 | L17: ='SDR (3)'!H8 -> 15.2262 | M17: =K17*L17*Parois!$L$13 -> 42.478018
B18: 2.Bureau 5 | E18: -2.2 | F18: 1.7 | G18: 1 | H18: 11.1 | I18: 442 | J18: 444 | K18: =E18+F18+(G18*(J18/I18)*(H18-F18)) -> 8.9425339 | L18: ='Bureau (5)'!G5 -> 16.5874 | M18: =K18*L18*Parois!$L$13 -> 46.275491
B19: 5.Bureau 6 | E19: -2.2 | F19: 1.7 | G19: 1 | H19: 11.1 | I19: 442 | J19: 444 | K19: =E19+F19+(G19*(J19/I19)*(H19-F19)) -> 8.9425339 | L19: ='Bureau (5)'!G57 -> 9.18 | M19: =K19*L19*Parois!$L$13 -> 25.610343
B20: 6.Bureau 7 | E20: -2.2 | F20: 1.7 | G20: 1 | H20: 11.1 | I20: 442 | J20: 444 | K20: =E20+F20+(G20*(J20/I20)*(H20-F20)) -> 8.9425339 | L20: ='Bureau (5)'!AE55 -> 12.79 | M20: =K20*L20*Parois!$L$13 -> 35.681513
B21: 8. Salle de réunion 8 | E21: 0 | F21: 1.7 | G21: 1 | H21: 11.1 | I21: 442 | J21: 444 | K21: =E21+F21+(G21*(J21/I21)*(H21-F21)) -> 11.142534 | L21: ='Bureau (5)'!AE5 -> 10.67295 | M21: =K21*L21*Parois!$L$13 -> 37.100568
M22: =SUM(M10:M21) -> 191.41209

Sheet TRANS PAROI VITREE
B2: Données climatiques
B3: Description | E3: Symbole | F3: Unité | G3: Valeur | J3: comment on trouve les temperatures des pieces qui sont pas ds le cdc
B4: Température extérieure | E4: T | F4: [°C] | G4: =32 -> 32
E7: Gain par transmission
E9: Nom du local | H9: Uw | I9: Sv | J9: ΔT | K9: Gaintransmission | R9: Gains ensol vitrage simple | T9: Coefficient avec/sans écran | V9: Gains ensoleillement
Q10: nbr de vitre | R10: [W] | T10: [/] | Y10: Coefficient de conversion kcal/h en w | AB10: Coef. Encadrement
H11: W/m2K | I11: m2 | J11: K | K11: W | O11: Bureau 4 [E] | R11: =35*I14*AB$11*Y$11 -> 159.40299 | T11: 0.9 | V11: =R11*T11 -> 143.46269 | Y11: =4180/3600 -> 1.1611111 | AB11: 1.17
O12: Bureau 5[E] | R12: =35*I15*Y$11*AB$11 -> 156.19354 | T12: 0.9 | V12: =R12*T12 -> 140.57418
E13: SDR 8 | H13: =Parois!AG8 -> 1.4491929 | I13: =Parois!AB8+Parois!AC8 -> 2.385 | J13: =G$4-Données!F28 -> 8 | K13: =PRODUCT(H13:J13) -> 27.6506 | O13: Bureau 6 a[E] | R13: =35*I16*Y$11*AB$11 -> 113.40079 | T13: 0.9 | V13: =R13*T13 -> 102.06071 | Y13: GAIN VITRE ORDINAIRE
E14: BR 4 | H14: =Parois!AG9 -> 1.4056725 | I14: =Parois!AB9+Parois!AC9 -> 3.3525 | J14: =G$4-Données!F23 -> 6 | K14: =PRODUCT(H14:J14) -> 28.275102 | O14: Bureau 6 b[E] | R14: =35*I17*Y$11*AB$11 -> 27.815288 | T14: 0.9 | V14: =R14*T14 -> 25.033759 | Y14: S | Z14: SE/S
E15: BR 5 | H15: =Parois!AG10 -> 1.4192819 | I15: =Parois!AB10+Parois!AC10 -> 3.285 | J15: =G$4-Données!F24 -> 6 | K15: =PRODUCT(H15:J15) -> 27.974046 | O15: Bureau 7 a[E] | R15: =35*I18*Y$11*AB$11 -> 70.608037 | T15: 0.9 | V15: =R15*T15 -> 63.547234 | Y15: 135 | Z15: 35
E16: BR 6a | H16: =Parois!AG11 -> 1.4491929 | I16: =Parois!AB11+Parois!AC11 -> 2.385 | J16: =G$4-Données!F26 -> 6 | K16: =PRODUCT(H16:J16) -> 20.73795 | O16: Bureau 7 b[E] | R16: =35*I19*Y$11*AB$11 -> 70.608037 | T16: 0.9 | V16: =R16*T16 -> 63.547234
E17: BR 6b | H17: =Parois!AG12 -> 1.7595079 | I17: =Parois!AB12+Parois!AC12 -> 0.585 | J17: =G$4-Données!F26 -> 6 | K17: =PRODUCT(H17:J17) -> 6.1758728 | O17: SDR 8 vitre[E] | R17: =35*I13*Y$11*AB$11 -> 113.40079 | T17: 0.9 | V17: =R17*T17 -> 102.06071
E18: BR 7a | H18: =Parois!AG13 -> 1.5139559 | I18: =Parois!AB13+Parois!AC13 -> 1.485 | J18: =G$4-Données!F27 -> 6 | K18: =PRODUCT(H18:J18) -> 13.489347 | O18: SDR 8 vitrage[E] | R18: =35*I21*Y$11*AB$11 -> 178.87369 | T18: 0.9 | V18: =R18*T18 -> 160.98633
E19: BR 7b | H19: =Parois!AG14 -> 1.5139559 | I19: =Parois!AB14+Parois!AC14 -> 1.485 | J19: =G$4-Données!F27 -> 6 | K19: =PRODUCT(H19:J19) -> 13.489347 | O19: SDR 8 vitrage[S] | R19: =135*I22*Y$11*AB$11 -> 4951.7325 | T19: 0.9 | V19: =R19*T19 -> 4456.5593 | W19: =SUM(V17:V20) -> 5426.7137
E20: Kitchen/cafet 2 | H20: =Parois!AG15 -> 1.4432607 | I20: =Parois!AB15+Parois!AC15 -> 3.895 | J20: =G$4-Données!F22 -> 8 | K20: =PRODUCT(H20:J20) -> 44.972004 | O20: Mini hall 11 [S] | R20: =135*I23*Y$11*AB$11 -> 785.67489 | T20: 0.9 | V20: =R20*T20 -> 707.1074
E21: SDR 8 coin | H21: =Parois!AG16 -> 1.5205491 | I21: =Parois!AB16+Parois!AC16 -> 3.762 | J21: =G$4-Données!F28 -> 8 | K21: =PRODUCT(H21:J21) -> 45.762445 | O21: Porte d'entrée [S] | R21: =135*I24*Y$11*AB$11 -> 924.3234 | T21: 0.9 | V21: =R21*T21 -> 831.89106
E22: SDR 8 (x5) | H22: =Parois!AG17 -> 1.3541479 | I22: =(Parois!AB17+Parois!AC17)*5 -> 27 | J22: =G$4-Données!F28 -> 8 | K22: =PRODUCT(H22:J22) -> 292.49594 | O22: Vitre entrée [S] | R22: =135*I26*Y$11*AB$11 -> 891.31185 | T22: 0.9 | V22: =R22*T22 -> 802.18067
E23: mini hall 11 | H23: =Parois!AG18 -> 1.4134113 | I23: =Parois!AB18+Parois!AC18 -> 4.284 | J23: =G$4-Données!F52 -> 7 | K23: =PRODUCT(H23:J23) -> 42.385379 | O23: Mini hall 13 [S] | R23: =135*I27*Y$11*AB$11 -> 719.65179 | T23: 0.9 | V23: =R23*T23 -> 647.68661
E24: Porte de l'entrée | H24: =Parois!AG20 -> 1.5029657 | I24: =Parois!AB20+Parois!AC20 -> 5.04 | J24: =G$4-Données!F53 -> 7 | K24: =PRODUCT(H24:J24) -> 53.024631 | O24: Secretaria extreme [S] | R24: =135*I28*Y$11*AB$11 -> 1967.4884 | T24: 0.9 | V24: =R24*T24 -> 1770.7395
E25: secretariat (x2) | H25: =Parois!AG21 -> 1.3541479 | I25: =(Parois!AB21+Parois!AC21)*2 -> 10.8 | J25: =G$4-Données!F29 -> 6 | K25: =PRODUCT(H25:J25) -> 87.748781 | O25: Secretariat [S] | R25: =135*Y$11*AB$11*I25 -> 1980.693 | T25: 0.9 | V25: =R25*T25 -> 1782.6237
E26: int vitre entrée (x2) | H26: =Parois!AG22 -> 1.3026309 | I26: =(Parois!AB22+Parois!AC22)*2 -> 4.86 | J26: =G$4-Données!F53 -> 7 | K26: =PRODUCT(H26:J26) -> 44.315503 | O26: Total | V26: =V11+V13+V12+V14+V15+V16+V17+V18+V19+V20+V21+V23+V22+V24+V25 -> 11800.061
E27: mini hall 13 | H27: =Parois!AG23 -> 1.3369569 | I27: =Parois!AB23+Parois!AC23 -> 3.924 | J27: =G$4-Données!F54 -> 7 | K27: =PRODUCT(H27:J27) -> 36.723533
E28: secretariat extreme(x2) | H28: =Parois!AG24 -> 1.348091 | I28: =(Parois!AB24+Parois!AC24)*2 -> 10.728 | J28: =G$4-Données!F29 -> 6 | K28: =PRODUCT(H28:J28) -> 86.773924
E29: TOTAL | K29: =SUM(K13:K28) -> 871.9944
N30: =K23+K24+K26+K27+V20+V21+V22+V23 -> 3165.3148
Y44: quel ligne ds double vitrage et ds quel colonne
H49: faut prendre a quel heure? 15? Ou prendre la valeur max?

Sheet APPORT EXTERNE TOT
D10: Nom du local | G10: Gainstransmission p.o. | H10: Gainstransmission | I10: Gainsensoleillement | J10: Apport total
G12: W | H12: W | I12: W | J12: W
D14: 1.COFFRE FORT | G14: - | H14: - | I14: - | J14: 0
D15: 2.KITCHENETTE | G15: ='TRANS PAROIS OPAQUE'!M12 -> 10.348789 | H15: - | I15: - | J15: =G15 -> 10.348789
D16: 3.ESCALIER | G16: ='TRANS PAROIS OPAQUE'!M13 -> 2.8024843 | H16: - | I16: - | J16: =G16 -> 2.8024843
D17: 4.Bureau 4 | G17: ='TRANS PAROIS OPAQUE'!M14+'TRANS PAROIS OPAQUE'!M17 -> 38.105282 | H17: ='TRANS PAROI VITREE'!K14 -> 28.275102 | I17: ='TRANS PAROI VITREE'!V11 -> 143.46269 | J17: =SUM(G17:I17)-H17 -> 181.56798
D18: 5.Bureau5 | G18: ='TRANS PAROIS OPAQUE'!M18 -> 46.275491 | H18: ='TRANS PAROI VITREE'!K15 -> 27.974046 | I18: 136.77 | J18: =SUM(G18:I18)-H18 -> 183.04549
D19: 6.Bureau 6 | G19: ='TRANS PAROIS OPAQUE'!M19 -> 25.610343 | H19: ='TRANS PAROI VITREE'!K16+'TRANS PAROI VITREE'!K17 -> 26.913823 | I19: ='TRANS PAROI VITREE'!V13+'TRANS PAROI VITREE'!V14 -> 127.09447 | J19: =SUM(G19:I19)-H19 -> 152.70481
D20: 7.Bureau 7 | G20: ='TRANS PAROIS OPAQUE'!M20 -> 35.681513 | H20: ='TRANS PAROI VITREE'!K18+'TRANS PAROI VITREE'!K19 -> 26.978694 | I20: ='TRANS PAROI VITREE'!V15 + 'TRANS PAROI VITREE'!V16 -> 127.09447 | J20: =SUM(G20:I20)-H20 -> 162.77598
D21: 8.SDR | G21: ='TRANS PAROIS OPAQUE'!M21 -> 37.100568 | H21: =SUM('TRANS PAROI VITREE'!K21:'TRANS PAROI VITREE'!K22)+'TRANS PAROI VITREE'!K13 -> 365.90898 | I21: ='TRANS PAROI VITREE'!V17+'TRANS PAROI VITREE'!V18+'TRANS PAROI VITREE'!V19 -> 4719.6063 | J21: =SUM(G21:I21)-H21 -> 4756.7069
D22: 9.Couloir droite | G22: - | H22: - | I22: - | J22: =SUM(G22:I22) -> 0
D23: 10.Approvisionnement | G23: - | H23: - | I23: - | J23: =SUM(G23:I23) -> 0
D24: 11/12/13. Entrée | G24: - | H24: ='TRANS PAROI VITREE'!K24+'TRANS PAROI VITREE'!K26+'TRANS PAROI VITREE'!K23+'TRANS PAROI VITREE'!K27 -> 176.44905 | I24: ='TRANS PAROI VITREE'!V21+'TRANS PAROI VITREE'!V22+'TRANS PAROI VITREE'!V20+'TRANS PAROI VITREE'!V23 -> 2988.8657 | J24: =I24 -> 2988.8657
D25: 14.Distrib | G25: - | H25: - | J25: =SUM(G25:I25) -> 0
D26: 15.Secretariat | G26: - | H26: ='TRANS PAROI VITREE'!K28+'TRANS PAROI VITREE'!K25 -> 174.52271 | I26: ='TRANS PAROI VITREE'!V24+'TRANS PAROI VITREE'!V25 -> 3553.3632 | J26: =I26 -> 3553.3632
D27: 16.SDR | G27: - | H27: - | I27: - | J27: =SUM(G27:I27) -> 0
D28: 17. Salle d'attente | G28: - | H28: - | I28: - | J28: =SUM(G28:I28) -> 0
D29: 18.WC individuelle | G29: - | H29: - | I29: - | J29: =SUM(G29:I29) -> 0
D30: 19.WC PMR | G30: - | H30: - | I30: - | J30: =SUM(G30:I30) -> 0
D31: 20.WC femme | G31: ='TRANS PAROIS OPAQUE'!M10 -> -2.1568361 | H31: - | I31: - | J31: =SUM(G31:I31) -> -2.1568361
D32: 21.WC homme | G32: ='TRANS PAROIS OPAQUE'!M11 -> -2.3555412 | H32: - | I32: - | J32: =SUM(G32:I32) -> -2.3555412
D33: 22.Trappe | G33: - | H33: - | I33: - | J33: =SUM(G33:I33) -> 0
D34: 23.Trémis | G34: - | H34: - | I34: - | J34: =SUM(G34:I34) -> 0
D35: Total | G35: =SUM(G14:G34) -> 191.41209 | H35: =SUM(H14:H34) -> 827.0224 | I35: =SUM(I17:I21)+ I24+I26 -> 11796.257 | J35: =SUM(J14:J34) -> 11987.669

Sheet APPORT INTERNE
J3: GSM FAUT PRENDRE 2W
D5: Nom du local | G5: presence humaine | I5: Puissance présence humaine | K5: Eclairage | L5: Matériel informatique et électronique | Q5: Apports totaux
T7: Q eau J/kg/3600
T8: =2.45*10^6/3600 -> 680.55556
I9: W | K9: W | L9: PC fixe | M9: Imprimante | N9: gsm | O9: Tél fixe | P9: distrib billet | Q9: W
L10: W | M10: W | O10: W | P10: W
D11: 1.COFFRE FORT | G11: 0 | I11: 0 | K11: =Données!E45*12 -> 444.645 | L11: 0 | M11: 0 | O11: 0 | P11: 0 | Q11: =SUM(I11:P11) -> 444.645
D12: 2.KITCHENETTE | G12: 10 | I12: =(69+58/1000*T8)*G12 -> 1084.7222 | K12: =11*(Données!G22) -> 368.5198 | L12: 0 | M12: 0 | O12: 0 | P12: 0 | Q12: =SUM(I12:P12) -> 1453.242 | T12: chaleur latente de vaporisation de l'eau
D13: 3.ESCALIER | G13: 0 | I13: =92*G13 -> 0 | K13: =8*Données!E46 -> 116.128 | L13: 0 | M13: 0 | O13: 0 | P13: 0 | Q13: =SUM(I13:P13) -> 116.128 | T13: 2,45*10^6 J/kg
D14: 4.Bureau 4 | G14: 3 | I14: =(69+70/1000*T8)*G14 -> 349.91667 | K14: =11*(Données!G23) -> 342.8744 | L14: =(60+40) -> 100 | M14: =250*0.1+70 -> 95 | O14: 60 | P14: 0 | Q14: =SUM(I14:P14) -> 947.79107
D15: 5.Bureau5 | G15: 3 | I15: =(69+70/1000*T8)*G15 -> 349.91667 | K15: =11*Données!G24 -> 221.76 | L15: =(60+40) -> 100 | M15: =250*0.1+70 -> 95 | O15: 60 | P15: 0 | Q15: =SUM(I15:P15) -> 826.67667
D16: 6.Bureau 6 | G16: 3 | I16: =(69+70/1000*T8)*G16 -> 349.91667 | K16: =11*Données!G26 -> 221.76 | L16: =(60+40) -> 100 | M16: =250*0.1+70 -> 95 | O16: 60 | P16: 0 | Q16: =SUM(I16:P16) -> 826.67667
D17: 7.Bureau 7 | G17: 3 | I17: =(69+70/1000*T8)*G17 -> 349.91667 | K17: =12*Données!G27 -> 258.24 | L17: =(60+40) -> 100 | M17: =250*0.1+70 -> 95 | O17: 60 | P17: / | Q17: =SUM(I17:P17) -> 863.15667 | T17: bureau 4 3 persn
D18: 8.SDR | G18: 14 | I18: =(77+58/1000*T8)*G18 -> 1630.6111 | K18: =12*Données!G28 -> 433.1952 | M18: 0 | O18: 0 | P18: 0 | Q18: =SUM(I18:P18) -> 2063.8063
D19: 9.Couloir droite | G19: 0 | I19: 0 | K19: =Données!G33*8 -> 392.5 | L19: 0 | O19: 0 | P19: 0 | Q19: =SUM(I19:P19) -> 392.5
D20: 10.Approvisionnement | G20: 0 | I20: 0 | K20: =Données!E51*8 -> 68.724 | L20: 0 | M20: 0 | O20: 0 | P20: 0 | Q20: =SUM(I20:P20) -> 68.724
D21: 11/12/13. Entrée | G21: 0 | I21: 0 | K21: =Données!E52*8 -> 145.66 | L21: 0 | M21: 0 | O21: 0 | P21: 0 | Q21: =SUM(I21:P21) -> 145.66
D22: 14.Distrib | G22: 3 | I22: =G22*(69+70/1000*T8) -> 349.91667 | K22: =Données!G36*8 -> 184.644 | L22: 0 | M22: 0 | O22: 0 | P22: =3*600 -> 1800 | Q22: =SUM(I22:P22) -> 2334.5607
D23: 15.Secretariat | G23: 6 | I23: =G23*(69+70/1000*T8) -> 699.83333 | K23: =Données!G29*12 -> 386.1 | L23: =2*(60+40) -> 200 | O23: =2*60 -> 120 | P23: 0 | Q23: =SUM(I23:P23) -> 1405.9333
D24: 16.SDR | G24: 26 | I24: =(77+58/1000*T8)*G24 -> 3028.2778 | K24: =12*Données!G30 -> 631.44 | M24: 0 | O24: 0 | P24: 0 | Q24: =SUM(I24:P24) -> 3659.7178
D25: 17. Salle d'attente | G25: 9 | I25: =(69+70/1000*T8)*G25 -> 1049.75 | K25: =8*'Charge therm. total'!I23 -> 400.19681 | L25: 0 | M25: 0 | O25: 0 | P25: 0 | Q25: =SUM(I25:P25) -> 1449.9468
D26: 18.WC individuelle | G26: 1 | I26: =(69+70/1000*T8)*G26 -> 116.63889 | K26: =8*'Charge therm. total'!I24 -> 37.84 | L26: 0 | M26: 0 | O26: 0 | P26: 0 | Q26: =SUM(I26:P26) -> 154.47889
D27: 19.WC PMR | G27: 1 | I27: =(69+70/1000*T8)*G27 -> 116.63889 | K27: =8*'Charge therm. total'!I25 -> 34.96 | L27: 0 | M27: 0 | O27: 0 | P27: 0 | Q27: =SUM(I27:P27) -> 151.59889
D28: 20.WC femme | G28: 5 | I28: =(69+70/1000*T8)*G28 -> 583.19444 | K28: =8*'Charge therm. total'!I26 -> 139.2 | L28: 0 | M28: 0 | O28: 0 | P28: 0 | Q28: =SUM(I28:P28) -> 722.39444
D29: 21.WC homme | G29: 5 | I29: =(69+70/1000*T8)*G29 -> 583.19444 | K29: =8*'Charge therm. total'!I27 -> 98.16 | L29: 0 | M29: 0 | O29: 0 | P29: 0 | Q29: =SUM(I29:P29) -> 681.35444
D30: 22.Trappe | G30: 0 | I30: =(69+70/1000*T8)*G30 -> 0 | K30: =0*'Charge therm. total'!I28 -> 0 | L30: 0 | M30: 0 | O30: 0 | P30: 0 | Q30: =SUM(I30:P30) -> 0
D31: 23.Trémis | G31: 0 | I31: =(69+70/1000*T8)*G31 -> 0 | K31: =0*'Charge therm. total'!I29 -> 0 | L31: 0 | M31: 0 | O31: 0 | P31: 0 | Q31: =SUM(I31:P31) -> 0
D32: Total | G32: =SUM(G11:H31) -> 92 | I32: =SUM(I11:J31) -> 10642.444 | Q32: =SUM(Q11:R31) -> 18708.992

Sheet TOT APPORT DEPERD
K13: Apports externes | M13: Apports internes | O13: Apports internes entre pieces | Q13: APPORTS TOTAL
R15: apport | S15: air plancher | T15: apport par m²
K17: [W] | M17: [W] | O17: W | Q17: W | R17: % | Z17: HYPOTHESE :
H18: 1.COFFRE FORT | K18: ='APPORT EXTERNE TOT'!J14 -> 0 | M18: ='APPORT INTERNE'!Q11 -> 444.645 | O18: ='Coffre-fort (1)'!M71 -> 337.90963 | Q18: =K18+M18+O18 -> 782.55463 | R18: =(Q18/Q$39)*100 -> 2.249999 | S18: ='Charge therm. total'!I9 -> 37.05375 | T18: =Q18/S18 -> 21.119445 | Z18: Double vitrage 4/16/4
H19: 2.KITCHENETTE | K19: ='APPORT EXTERNE TOT'!J15 -> 10.348789 | M19: ='APPORT INTERNE'!Q12 -> 1453.242 | O19: ='SDR (3)'!BI116 -> 330.04611 | Q19: =K19+M19+O19 -> 1793.6369 | R19: =(Q19/Q$39)*100 -> 5.1570601 | S19: ='Charge therm. total'!I10 -> 33.5018 | T19: =Q19/S19 -> 53.538524 | Z19: Ponts thermique négliger a part pour les vitres
H20: 3.ESCALIER | K20: ='APPORT EXTERNE TOT'!J16 -> 2.8024843 | M20: ='APPORT INTERNE'!Q13 -> 116.128 | O20: ='Escalier (1)'!X48 -> 40.550279 | Q20: =K20+M20+O20 -> 159.48076 | R20: =(Q20/Q$39)*100 -> 0.45853866 | S20: ='Charge therm. total'!I11 -> 14.516 | T20: =Q20/S20 -> 10.98655
H21: 4.Bureau 4 | K21: ='APPORT EXTERNE TOT'!J17 -> 181.56798 | M21: ='APPORT INTERNE'!Q14 -> 947.79107 | O21: ='SDR (3)'!N117 -> 460.06858 | Q21: =K21+M21+O21 -> 1589.4276 | R21: =(Q21/Q$39)*100 -> 4.5699181 | S21: ='Charge therm. total'!I12 -> 31.1704 | T21: =Q21/S21 -> 50.99157
H22: 5.Bureau5 | K22: ='APPORT EXTERNE TOT'!J18 -> 183.04549 | M22: ='APPORT INTERNE'!Q15 -> 826.67667 | O22: ='Bureau (5)'!BF76 -> 103.04662 | Q22: =K22+M22+O22 -> 1112.7688 | R22: =(Q22/Q$39)*100 -> 3.1994298 | S22: ='Charge therm. total'!I13 -> 20.16 | T22: =Q22/S22 -> 55.196864
H23: 6.Bureau 6 | K23: ='APPORT EXTERNE TOT'!J19 -> 152.70481 | M23: ='APPORT INTERNE'!Q16 -> 826.67667 | O23: ='Bureau (5)'!W89 -> 88.45343 | Q23: =K23+M23+O23 -> 1067.8349 | R23: =(Q23/Q$39)*100 -> 3.0702361 | S23: ='Charge therm. total'!I14 -> 20.16 | T23: =Q23/S23 -> 52.968001
H24: 7.Bureau 7 | K24: ='APPORT EXTERNE TOT'!J20 -> 162.77598 | M24: ='APPORT INTERNE'!Q17 -> 863.15667 | O24: ='Bureau (5)'!BH111 -> 191.23986 | Q24: =K24+M24+O24 -> 1217.1725 | R24: =(Q24/Q$39)*100 -> 3.4996111 | S24: ='Charge therm. total'!I15 -> 21.52 | T24: =Q24/S24 -> 56.560061
H25: 8.SDR | K25: ='APPORT EXTERNE TOT'!J21 -> 4756.7069 | M25: ='APPORT INTERNE'!Q18 -> 2063.8063 | O25: ='Bureau (5)'!BF43 -> 43.887242 | Q25: =K25+M25+O25 -> 6864.4004 | R25: =(Q25/Q$39)*100 -> 19.736506 | S25: ='Charge therm. total'!I16 -> 36.0996 | T25: =Q25/S25 -> 190.1517
H26: 9.Couloir droite | K26: ='APPORT EXTERNE TOT'!J22 -> 0 | M26: ='APPORT INTERNE'!Q19 -> 392.5 | O26: ='Couloir (1)'!AC103 -> 844.4578 | Q26: =K26+M26+O26 -> 1236.9578 | R26: =(Q26/Q$39)*100 -> 3.5564978 | S26: ='Charge therm. total'!I17 -> 49.0625 | T26: =Q26/S26 -> 25.211879
H27: 10.Approvisionnement | K27: ='APPORT EXTERNE TOT'!J23 -> 0 | M27: ='APPORT INTERNE'!Q20 -> 68.724 | O27: ='Distrib et Approv'!AB85 -> 1.5755316 | Q27: =K27+M27+O27 -> 70.299532 | R27: =(Q27/Q$39)*100 -> 0.20212503 | S27: ='Charge therm. total'!I18 -> 8.5905 | T27: =Q27/S27 -> 8.1834039
H28: 11/12/13. Entrée | K28: ='APPORT EXTERNE TOT'!J24 -> 2988.8657 | M28: ='APPORT INTERNE'!Q21 -> 145.66 | O28: ='Entrée (1)'!X37 -> 83.475585 | Q28: =K28+M28+O28 -> 3218.0013 | R28: =(Q28/Q$39)*100 -> 9.2523888 | S28: ='Charge therm. total'!I19 -> 18.2075 | T28: =Q28/S28 -> 176.74043
H29: 14.Distrib | K29: ='APPORT EXTERNE TOT'!J25 -> 0 | M29: ='APPORT INTERNE'!Q22 -> 2334.5607 | O29: ='Distrib et Approv'!Z35 -> 35.943687 | Q29: =K29+M29+O29 -> 2370.5044 | R29: =(Q29/Q$39)*100 -> 6.8156678 | S29: ='Charge therm. total'!I20 -> 23.0805 | T29: =Q29/S29 -> 102.70594
H30: 15.Secretariat | K30: ='APPORT EXTERNE TOT'!J26 -> 3553.3632 | M30: ='APPORT INTERNE'!Q23 -> 1405.9333 | O30: ='Bureau (5)'!AJ147 -> 215.89101 | Q30: =K30+M30+O30 -> 5175.1876 | R30: =(Q30/Q$39)*100 -> 14.879686 | S30: ='Charge therm. total'!I21 -> 32.175 | T30: =Q30/S30 -> 160.84499
H31: 16.SDR | K31: ='APPORT EXTERNE TOT'!J27 -> 0 | M31: ='APPORT INTERNE'!Q24 -> 3659.7178 | O31: ='SDR (3)'!AJ111 -> 296.63803 | Q31: =K31+M31+O31 -> 3956.3558 | R31: =(Q31/Q$39)*100 -> 11.375304 | S31: ='Charge therm. total'!I22 -> 52.62 | T31: =Q31/S31 -> 75.187302
H32: 17. Salle d'attente | K32: ='APPORT EXTERNE TOT'!J28 -> 0 | M32: ='APPORT INTERNE'!Q25 -> 1449.9468 | O32: ='Salle d''attente (1)'!N110 -> 761.2903 | Q32: =K32+M32+O32 -> 2211.2371 | R32: =(Q32/Q$39)*100 -> 6.357743 | S32: ='Charge therm. total'!I23 -> 50.024601 | T32: =Q32/S32 -> 44.202994
H33: 18.WC individuelle | K33: ='APPORT EXTERNE TOT'!J29 -> 0 | M33: ='APPORT INTERNE'!Q26 -> 154.47889 | O33: ='WC (4)'!AL134 -> 66.898803 | Q33: =K33+M33+O33 -> 221.37769 | R33: =(Q33/Q$39)*100 -> 0.63650455 | S33: ='Charge therm. total'!I24 -> 4.73 | T33: =Q33/S33 -> 46.802895
H34: 19.WC PMR | K34: ='APPORT EXTERNE TOT'!J30 -> 0 | M34: ='APPORT INTERNE'!Q27 -> 151.59889 | O34: ='WC (4)'!AL180 -> 73.035955 | Q34: =K34+M34+O34 -> 224.63484 | R34: =(Q34/Q$39)*100 -> 0.6458695 | S34: ='Charge therm. total'!I25 -> 4.37 | T34: =Q34/S34 -> 51.403855
H35: 20.WC femme | K35: ='APPORT EXTERNE TOT'!J31 -> -2.1568361 | M35: ='APPORT INTERNE'!Q28 -> 722.39444 | O35: ='WC (4)'!AL43 -> 64.75586 | Q35: =K35+M35+O35 -> 784.99347 | R35: =(Q35/Q$39)*100 -> 2.2570111 | S35: ='Charge therm. total'!I26 -> 17.4 | T35: =Q35/S35 -> 45.114567
H36: 21.WC homme | K36: ='APPORT EXTERNE TOT'!J32 -> -2.3555412 | M36: ='APPORT INTERNE'!Q29 -> 681.35444 | O36: ='WC (4)'!AL90 -> 44.396518 | Q36: =K36+M36+O36 -> 723.39542 | R36: =(Q36/Q$39)*100 -> 2.0799046 | S36: ='Charge therm. total'!I27 -> 12.27 | T36: =Q36/S36 -> 58.956432
H37: 22.Trappe | K37: ='APPORT EXTERNE TOT'!J33 -> 0 | M37: ='APPORT INTERNE'!Q30 -> 0 | O37: ='Trappe (2)'!M80 -> 0 | Q37: =K37+M37+O37 -> 0 | R37: =(Q37/Q$39)*100 -> 0 | S37: ='Charge therm. total'!I28 -> 10.89 | T37: =Q37/S37 -> 0
H38: 23.Trémis | K38: ='APPORT EXTERNE TOT'!J34 -> 0 | M38: ='APPORT INTERNE'!Q31 -> 0 | O38: ='Trappe (2)'!AC80 -> 0 | Q38: =K38+M38+O38 -> 0 | R38: =(Q38/Q$39)*100 -> 0 | S38: ='Charge therm. total'!I29 -> 3.514 | T38: =Q38/S38 -> 0
H39: TOTAL | K39: =SUM(K18:L38) -> 11987.669 | M39: =SUM(M18:N38) -> 18708.992 | O39: =SUM(O18:P38) -> 4083.5608 | Q39: =SUM(Q18:Q38) -> 34780.221 | R39: =SUM(R18:R38) -> 100 | S39: ='Charge therm. total'!I30 -> 501.11615 | T39: =Q39/S39 -> 69.405509
H40: Part du total en % | K40: =100*K39/Q$39 -> 34.466914 | M40: =100*M39/Q39 -> 53.792043 | O40: =O39/Q39*100 -> 11.741043
Q43: pas ecouter sabir ce golmon | S43: AHAHAAHA
Q44: il melange tt et il melange vos cerveau en meme temps | S44: Non cv c une source fiable
S45: T un hagar aaahahah
H46: Nom du local | K46: Charge thermique par transmission | L46: Charge thermique par renouvellement d'air | M46: Surpuissance de relance | N46: Charge thermique totale | O46: Air de planche | P46: Volume
K48: φT,i | L48: φV,i | M48: φRH,i | N48: φHl,i | O48: Ai | P48: Vi
K50: W | L50: W | M50: W | N50: W | O50: m2 | P50: m³ | Q50: perte pourcentage | R50: perte/m²
H52: 1.COFFRE FORT | K52: ='Charge therm. total'!E9 -> 83.864409 | L52: ='Charge therm. total'!F9 -> 445.92768 | M52: ='Charge therm. total'!G9 -> 741.075 | N52: ='Charge therm. total'!H9 -> 1270.8671 | O52: ='Charge therm. total'!I9 -> 37.05375 | P52: ='Charge therm. total'!J9 -> 109.296 | Q52: ='Charge therm. total'!K9 -> 3.496625 | R52: ='Charge therm. total'!L9 -> 34.297934
H53: 2.KITCHENETTE | K53: ='Charge therm. total'!E10 -> 996.76302 | L53: ='Charge therm. total'!F10 -> 783.1152 | M53: ='Charge therm. total'!G10 -> 670.036 | N53: ='Charge therm. total'!H10 -> 2449.9142 | O53: ='Charge therm. total'!I10 -> 33.5018 | P53: ='Charge therm. total'!J10 -> 82.26 | Q53: ='Charge therm. total'!K10 -> 6.7406193 | R53: ='Charge therm. total'!L10 -> 73.127839
H54: 3.ESCALIER | K54: ='Charge therm. total'!E11 -> 0 | L54: ='Charge therm. total'!F11 -> 0 | M54: ='Charge therm. total'!G11 -> 290.32 | N54: ='Charge therm. total'!H11 -> 290.32 | O54: ='Charge therm. total'!I11 -> 14.516 | P54: ='Charge therm. total'!J11 -> 44.676 | Q54: ='Charge therm. total'!K11 -> 0.7987776 | R54: ='Charge therm. total'!L11 -> 20
H55: 4.Bureau 4 | K55: ='Charge therm. total'!E12 -> 1364.9886 | L55: ='Charge therm. total'!F12 -> 807.5136 | M55: ='Charge therm. total'!G12 -> 623.408 | N55: ='Charge therm. total'!H12 -> 2795.9102 | O55: ='Charge therm. total'!I12 -> 31.1704 | P55: ='Charge therm. total'!J12 -> 98.96 | Q55: ='Charge therm. total'!K12 -> 7.6925822 | R55: ='Charge therm. total'!L12 -> 89.697604
H56: 5.Bureau5 | K56: ='Charge therm. total'!E13 -> 888.51308 | L56: ='Charge therm. total'!F13 -> 661.674 | M56: ='Charge therm. total'!G13 -> 403.2 | N56: ='Charge therm. total'!H13 -> 1953.3871 | O56: ='Charge therm. total'!I13 -> 20.16 | P56: ='Charge therm. total'!J13 -> 64.87 | Q56: ='Charge therm. total'!K13 -> 5.3744897 | R56: ='Charge therm. total'!L13 -> 96.8942
H57: 6.Bureau 6 | K57: ='Charge therm. total'!E14 -> 582.27359 | L57: ='Charge therm. total'!F14 -> 532.58688 | M57: ='Charge therm. total'!G14 -> 403.2 | N57: ='Charge therm. total'!H14 -> 1518.0605 | O57: ='Charge therm. total'!I14 -> 20.16 | P57: ='Charge therm. total'!J14 -> 65.268 | Q57: ='Charge therm. total'!K14 -> 4.1767453 | R57: ='Charge therm. total'!L14 -> 75.300619
H58: 7.Bureau 7 | K58: ='Charge therm. total'!E15 -> 607.00327 | L58: ='Charge therm. total'!F15 -> 665.7336 | M58: ='Charge therm. total'!G15 -> 430.4 | N58: ='Charge therm. total'!H15 -> 1703.1369 | O58: ='Charge therm. total'!I15 -> 21.52 | P58: ='Charge therm. total'!J15 -> 65.268 | Q58: ='Charge therm. total'!K15 -> 4.6859589 | R58: ='Charge therm. total'!L15 -> 79.142048
H59: 8.SDR | K59: ='Charge therm. total'!E16 -> 1760.8772 | L59: ='Charge therm. total'!F16 -> 2282.5152 | M59: ='Charge therm. total'!G16 -> 721.992 | N59: ='Charge therm. total'!H16 -> 4765.3844 | O59: ='Charge therm. total'!I16 -> 36.0996 | P59: ='Charge therm. total'!J16 -> 119.88 | Q59: ='Charge therm. total'!K16 -> 13.111333 | R59: ='Charge therm. total'!L16 -> 132.00657
H60: 9.Couloir droite | K60: ='Charge therm. total'!E17 -> 544.66885 | L60: ='Charge therm. total'!F17 -> 728.7696 | M60: ='Charge therm. total'!G17 -> 981.25 | N60: ='Charge therm. total'!H17 -> 2254.6884 | O60: ='Charge therm. total'!I17 -> 49.0625 | P60: ='Charge therm. total'!J17 -> 164.88 | Q60: ='Charge therm. total'!K17 -> 6.2034811 | R60: ='Charge therm. total'!L17 -> 45.955433
H61: 10.Approvisionnement | K61: ='Charge therm. total'!E18 -> 27.446599 | L61: ='Charge therm. total'!F18 -> 115.20288 | M61: ='Charge therm. total'!G18 -> 171.81 | N61: ='Charge therm. total'!H18 -> 314.45948 | O61: ='Charge therm. total'!I18 -> 8.5905 | P61: ='Charge therm. total'!J18 -> 26.064 | Q61: ='Charge therm. total'!K18 -> 0.86519423 | R61: ='Charge therm. total'!L18 -> 36.605492
H62: 11/12/13. Entrée | K62: ='Charge therm. total'!E19 -> 930.64034 | L62: ='Charge therm. total'!F19 -> 289.71774 | M62: ='Charge therm. total'!G19 -> 364.15 | N62: ='Charge therm. total'!H19 -> 1584.5081 | O62: ='Charge therm. total'!I19 -> 18.2075 | P62: ='Charge therm. total'!J19 -> 65.547 | Q62: ='Charge therm. total'!K19 -> 4.3595673 | R62: ='Charge therm. total'!L19 -> 87.025022
H63: 14.Distrib | K63: ='Charge therm. total'!E20 -> 57.509899 | L63: ='Charge therm. total'!F20 -> 337.49352 | M63: ='Charge therm. total'!G20 -> 461.61 | N63: ='Charge therm. total'!H20 -> 856.61342 | O63: ='Charge therm. total'!I20 -> 23.0805 | P63: ='Charge therm. total'!J20 -> 76.356 | Q63: ='Charge therm. total'!K20 -> 2.3568601 | R63: ='Charge therm. total'!L20 -> 37.114162
... H72: 23.Trémis | K72: ='Charge therm. total'!E29 -> 0 | L72: ='Charge therm. total'!F29 -> 0 | M72: ='Charge therm. total'!G29 -> 70.28 | N72: ='Charge therm. total'!H29 -> 70.28 | O72: ='Charge therm. total'!I29 -> 3.514 | P72: ='Charge therm. total'!J29 -> 12.6504 | Q72: ='Charge therm. total'!K29 -> 0.19336625 | R72: ='Charge therm. total'!L29 -> 20
H73: Total | K73: =SUM(K52:K72) -> 11442.942 | L73: =SUM(L52:L70) -> 14880.271 | M73: =SUM(M52:M72) -> 10022.323 | N73: =SUM(N52:N72) -> 36345.536 | O73: =SUM(O52:O72) -> 501.11615 | P73: =SUM(P52:P72) -> 1671.4074 | Q73: =SUM(Q52:Q72) -> 100 | R73: =N73/O73 -> 72.529165
H74: pourcentage perte | K74: =K73/N73*100 -> 31.483762 | L74: =L73/N73*100 -> 40.941124 | M74: =M73/N73*100 -> 27.575114
G82: Q-

Sheet TOT TOT
D11: Déperditons totales [W] | G11: Apports totaux [W]
D12: Types | G12: Types
D13: Transmission | F13: ='Charge therm. total'!E30 -> 11442.942 | G13: Internes | I13: ='TOT APPORT DEPERD'!M39 -> 18708.992
G14: Externes | I14: =+'TOT APPORT DEPERD'!K39 -> 11987.669
D15: Renouvellement d'air | F15: ='Charge therm. total'!F30 -> 14880.271 | G15: - Parois vitrées | I15: ='TRANS PAROI VITREE'!V26 -> 11800.061
D16: Surpuissance de relance | F16: ='(Surpuissance de relance)'!H34 -> 9952.043 | G16: - Parois opaques | I16: ='TRANS PAROIS OPAQUE'!M22 -> 191.41209
D17: Total | F17: =SUM(F13:F16) -> 36275.256 | G17: Total | I17: =SUM(I13:I14) -> 30696.661
